-- TODO : Add data to the database

-- Reservation status
INSERT INTO reservation_status(id, name) VALUES
                                      ('7dac7d38-f35b-4e37-8629-84967a240fdc', 'Open'),
                                      ('313f6e74-cab8-4ec2-9433-784e4e8bee47', 'Expired'),
                                      ('7b6627d8-9f4e-4a1a-82b8-a3bb5d0b43d9', 'Confirmed')
    ON Conflict(id) DO NOTHING;

-- Cinema
INSERT INTO cinema (id, name, created_on, last_updated_on) VALUES
                                                               ('4360bd0e-fa82-4421-9dfd-5e2b0e7e640a', 'Willms Group', '2023-10-15', '2024-03-29'),
                                                               ('e537cb8b-22fa-4599-9253-7b4ed9cbdca7', 'Tromp Group', '2024-02-29', '2023-12-25'),
                                                               ('613b351d-81ae-4f5e-b485-270d54bcd223', 'Kub, Funk and McKenzie', '2024-05-04', '2024-02-13'),
                                                               ('24b76c03-07ba-479c-aa85-46f962fd8a26', 'Considine-Murray', '2023-11-12', '2023-11-26'),
                                                               ('f7af15dc-17fb-4cd7-b67b-4f886c08a494', 'Ortiz Inc', '2023-09-25', '2023-11-08'),
                                                               ('92c75395-6d88-42c6-9cc6-7ec85ed2c657', 'Lehner-Zieme', '2023-07-17', '2023-07-31'),
                                                               ('af42310b-543f-45d4-bd36-75fbe337511d', 'Kiehn-Bosco', '2023-07-23', '2023-12-24'),
                                                               ('40756648-ac2e-4918-86bc-89e1e384e105', 'Kozey-Steuber', '2024-03-07', '2023-11-19'),
                                                               ('27e53a65-28d5-425d-999e-72233d556f69', 'Thiel-Runolfsdottir', '2023-09-06', '2023-10-01'),
                                                               ('1bb3afb2-536a-4511-ad36-bf5fa360ad41', 'Nienow-Mills', '2024-03-29', '2023-10-02'),
                                                               ('77b5f953-9e81-44d0-a927-5e23acd999f3', 'Rowe, Prohaska and Jacobi', '2023-12-28', '2024-04-06'),
                                                               ('9c1c918e-774d-40d5-805e-b17b50b9b8ae', 'Brown Inc', '2023-12-06', '2023-11-23'),
                                                               ('383692a3-0826-4e52-a690-2fe97072df45', 'Cummings LLC', '2024-02-24', '2024-01-24'),
                                                               ('223cbadb-24cb-44c0-9bda-0956490369dd', 'Crona, Mayert and Bins', '2024-03-03', '2024-01-22'),
                                                               ('c2db2caf-4028-492e-9b0c-2c36cb629636', 'Stokes-Wunsch', '2023-12-28', '2023-11-30'),
                                                               ('47d5fafe-c8bd-4632-8396-98db056b9782', 'Stokes Inc', '2024-01-06', '2024-05-02'),
                                                               ('ac4f0cfd-90e4-47bd-a9eb-7554e60437fd', 'Nienow, McLaughlin and Cassin', '2023-09-06', '2024-02-20'),
                                                               ('c323fc36-e621-41aa-91b9-54630820af3f', 'Leuschke, Olson and Nikolaus', '2023-11-02', '2023-07-05'),
                                                               ('221537a7-ff8b-4f67-96e1-4461143abba8', 'Sanford, Blanda and Hoppe', '2023-12-30', '2023-09-01'),
                                                               ('92a78be6-eb55-42e6-ba4a-1821a1bfd0f4', 'Leuschke and Sons', '2024-03-06', '2024-01-17'),
                                                               ('2dc6f748-242a-4350-9248-9f27d0924aa0', 'Hoeger, Dach and Hagenes', '2023-08-17', '2024-01-23'),
                                                               ('3729f46d-8e2d-466a-ba7e-dc3b9d0f6ac6', 'Pfeffer, Rath and Conn', '2023-10-08', '2024-02-08'),
                                                               ('8c0c859e-6d62-4476-bc0c-e143b4cf01e6', 'Pouros-Schuster', '2024-06-09', '2023-12-08'),
                                                               ('3fbecd40-240d-43e7-83f5-04e96e13bd89', 'Auer, Kunze and Jerde', '2023-11-17', '2023-08-10'),
                                                               ('7ae1d0db-b37e-40a1-a1b7-e246ad7e1808', 'McLaughlin LLC', '2023-10-10', '2023-09-07'),
                                                               ('d77f4b63-f4fa-4ae0-b3f7-5efd4bedd83c', 'Farrell Group', '2024-01-19', '2024-04-25'),
                                                               ('3c3959fe-f80d-4534-a141-b98c664aa084', 'Rice Group', '2024-04-29', '2023-10-23'),
                                                               ('c6da0098-0455-44bf-bbf6-4e72f6fec5db', 'Predovic, Altenwerth and Rippin', '2023-06-27', '2023-11-13'),
                                                               ('bc1f2a5d-cfd1-4ab1-be7a-3f65acd3fe64', 'Harris and Sons', '2023-11-22', '2023-10-25'),
                                                               ('3469877d-8491-4562-a8c2-98086ed950be', 'Prohaska, Howe and Little', '2023-11-26', '2023-10-25'),
                                                               ('c6f2df6a-3e4c-498e-986e-c77c33054247', 'Windler LLC', '2024-05-30', '2023-08-15'),
                                                               ('a1386c39-3e4f-40f2-aa40-aae5b25621c0', 'Dach, Goyette and Walsh', '2024-05-14', '2023-08-28'),
                                                               ('b05e72a6-d4ab-4ee8-8718-6b1ead18da57', 'McKenzie and Sons', '2023-06-21', '2024-03-16'),
                                                               ('1e82cc0b-9cde-456e-962a-e1c857887619', 'Thompson-Larson', '2023-09-06', '2023-08-18'),
                                                               ('838b83e8-1e46-41d9-a689-2d4cc4a550ff', 'Kovacek, Grady and McLaughlin', '2023-10-16', '2023-09-27'),
                                                               ('c046db70-dfed-46bf-a891-ae5ac9598126', 'Roob and Sons', '2024-01-27', '2024-04-07'),
                                                               ('581f5379-d913-4061-870f-e3839d583c42', 'Abshire, Medhurst and Aufderhar', '2023-10-17', '2024-02-01'),
                                                               ('f85a2a00-5a0e-4f9b-9a64-6023a399a879', 'Dooley Inc', '2024-02-02', '2024-03-02'),
                                                               ('5f10d914-f54d-4679-a186-33f23d302947', 'Ziemann and Sons', '2023-07-25', '2023-12-02'),
                                                               ('e5373004-e4a9-47b8-bada-03ef99e1c937', 'Schuppe Inc', '2024-03-24', '2024-03-09'),
                                                               ('da3b6781-d03a-459a-bd96-9c28805a1270', 'Sipes-Haag', '2023-11-15', '2023-09-22'),
                                                               ('a1fe34c1-5750-4e4b-9749-159672e0146b', 'Nienow, Haley and Dibbert', '2024-04-05', '2024-01-14'),
                                                               ('e3a39656-c9a4-4e1a-9ff4-55a77069fd61', 'Bartell-Durgan', '2023-12-09', '2023-12-29'),
                                                               ('4ae63b22-e430-45ef-8f11-bc4a46838571', 'Marquardt, Fritsch and MacGyver', '2023-08-14', '2023-07-29'),
                                                               ('f73674e9-b5f7-4d1b-bf40-cc17e3099a7b', 'Schiller, Lubowitz and Wisoky', '2023-07-19', '2024-02-19'),
                                                               ('7fdcaa61-d5f1-47f7-bc22-c881d88def6d', 'Borer, Stracke and Jaskolski', '2023-12-14', '2023-12-20'),
                                                               ('febb86e9-cfce-40bd-9a63-34e78d7068be', 'Weimann and Sons', '2024-02-21', '2023-11-05'),
                                                               ('0f4bc91a-176c-40d6-ba7b-c4673408fad1', 'Rowe, Douglas and Kilback', '2023-11-08', '2023-10-09'),
                                                               ('2495afb7-24c0-4285-9f75-4c77defba2a8', 'Bartoletti LLC', '2024-04-07', '2024-02-19'),
                                                               ('d060a629-e21d-4495-8797-82d0a3ce7d87', 'Haag LLC', '2024-01-10', '2023-10-12'),
                                                               ('1444884a-14e9-47e6-9b27-2e270609a639', 'Powlowski LLC', '2023-12-10', '2024-03-23'),
                                                               ('11100ef2-7631-46d8-9ce5-86c29f196ead', 'Kuvalis, Heaney and Hyatt', '2023-12-17', '2024-05-16'),
                                                               ('088a36c9-1de1-463e-bdcb-eacc83aa44b3', 'Schowalter Group', '2023-08-15', '2023-06-13'),
                                                               ('5ef680f5-e181-4f63-a944-ddc026a67829', 'Lehner, Johnson and Abernathy', '2024-04-15', '2023-08-11'),
                                                               ('35d2d3ae-9eff-461e-a142-90be4de7002d', 'Bergstrom Inc', '2023-09-25', '2024-02-19'),
                                                               ('1e8bd720-915b-4a6f-b865-77bae2bf061d', 'Botsford-Hirthe', '2024-03-21', '2024-01-22'),
                                                               ('518b1de0-0295-44b3-851f-d32daf19b158', 'Lehner Group', '2024-03-21', '2023-12-24'),
                                                               ('c5efa6d0-c7ed-4894-939c-49c3e803d816', 'Flatley Inc', '2024-04-07', '2023-07-21'),
                                                               ('6182a8d6-94d2-4d32-a7c9-13b4b1abd768', 'Ward-Ledner', '2024-03-09', '2023-07-12'),
                                                               ('7b495499-3e02-433e-afcd-0fcf2be483eb', 'Brown Inc', '2023-08-08', '2024-02-09'),
                                                               ('346e7526-c9a0-414f-b601-8581f8513c36', 'Heller-Boyer', '2023-12-27', '2023-11-06'),
                                                               ('c0c8e0fa-3e58-40f3-90bd-464558eac8e2', 'Bauch-White', '2024-01-01', '2023-09-03'),
                                                               ('5dff47e3-a527-45b1-9e3f-0deed8269f23', 'Cummings, Torp and Grady', '2023-10-26', '2023-07-16'),
                                                               ('9eb12159-c371-4764-9d15-1b46b734a772', 'Wisoky, Feest and Davis', '2023-06-14', '2024-02-15'),
                                                               ('8a5452f3-48d1-403b-8eb5-a1a5d219074b', 'Jacobson, Gulgowski and Doyle', '2023-06-21', '2024-04-26'),
                                                               ('ec776aa7-79a6-4402-a333-243ef10821ae', 'Fay, Lesch and Funk', '2023-11-26', '2023-11-05'),
                                                               ('cd2c15b6-68a4-4945-8031-cdb47da7476c', 'Hoppe-Vandervort', '2024-04-04', '2023-08-02'),
                                                               ('89bc43ba-ba71-41a8-875a-2618ce495ee3', 'Gulgowski-Bernier', '2023-06-24', '2024-05-27'),
                                                               ('f8b85711-148c-448d-b26d-09d49225e294', 'Dare-Erdman', '2024-02-28', '2023-11-23'),
                                                               ('2b0946a9-bae5-481d-b0bb-6e6208631a9b', 'Jast-Borer', '2024-04-26', '2024-02-26'),
                                                               ('d2b24a16-c925-4524-b597-938af32402f7', 'Quitzon, O''Conner and Weimann', '2024-05-11', '2023-11-26'),
                                                               ('3f15429c-b1b8-4833-b06f-819fe63e45da', 'Nienow LLC', '2023-11-23', '2023-08-08'),
                                                               ('cd4bd9c5-855b-400e-964a-5f7c6898c04f', 'Spencer Inc', '2023-12-17', '2024-01-25'),
                                                               ('fc97bba0-9251-4a59-b277-330da2cd27d1', 'Schmeler Inc', '2024-02-10', '2023-11-07'),
                                                               ('70cf5e4d-eec9-4c89-861d-c5f76dfe72ac', 'Barton-Mayer', '2024-04-18', '2024-05-25'),
                                                               ('b552afe2-e9f9-43c5-8ef8-e64047dff270', 'Morar LLC', '2024-01-08', '2023-08-29'),
                                                               ('256e8ca5-b8ff-4fd1-8b22-07530dd302a3', 'Lemke-Kessler', '2024-02-24', '2023-07-24'),
                                                               ('8636e39c-7ac1-4bc5-93a6-5232404a4917', 'Schroeder-Prohaska', '2023-10-14', '2023-09-18'),
                                                               ('667c5890-8927-443f-9811-8cd24b862e48', 'Carter, Hills and Daniel', '2023-08-06', '2023-11-18'),
                                                               ('4765fac7-d91d-4da9-a572-efe0c01049f6', 'Schiller-Huels', '2024-06-11', '2024-06-06'),
                                                               ('c824459b-0c11-4b02-b1be-51b3343dce7b', 'Streich, Huels and Heidenreich', '2023-12-04', '2023-08-02'),
                                                               ('9ed216f4-a176-4593-addc-9102b05f04b3', 'Doyle-Skiles', '2024-03-02', '2024-04-06'),
                                                               ('8e9b30c4-8a57-422f-9645-5afb5585d994', 'Ferry and Sons', '2023-12-19', '2023-12-28'),
                                                               ('c0a8fe70-61a8-43e8-ba9f-e691443ea3d8', 'Blanda-Hansen', '2023-12-10', '2023-09-23'),
                                                               ('f37ee2c5-1aa0-490b-b91d-15f7887b1ef5', 'Walker-Crist', '2024-02-12', '2024-03-03'),
                                                               ('1a019cbb-1a23-43db-8757-a247f42e2720', 'Pagac, VonRueden and Swift', '2024-05-11', '2023-10-01'),
                                                               ('3ccf6be8-be74-42d7-b481-4f3d6d595ed0', 'Rempel and Sons', '2023-06-14', '2023-11-03'),
                                                               ('1c0251bb-3663-4f4b-8178-b8a351b0734c', 'Predovic-Murray', '2023-11-07', '2023-09-23'),
                                                               ('fdafab7c-f9ed-4371-8462-448521ec33cd', 'Abbott, Marks and Anderson', '2023-09-23', '2023-06-15'),
                                                               ('81e5508f-01f7-4d72-86a9-72fa0829d3fc', 'Metz-Mosciski', '2023-11-16', '2024-03-05'),
                                                               ('795e5e4c-f9ff-4601-a848-1061d8554671', 'Bashirian-Heller', '2024-04-20', '2024-03-12'),
                                                               ('9a877383-345b-4ffd-8e23-b4894e353ebf', 'Beahan-Muller', '2023-09-12', '2024-01-19'),
                                                               ('19533eeb-5bee-4c21-ab61-a200283a4194', 'Thiel and Sons', '2023-09-08', '2023-11-02'),
                                                               ('d12d5889-311b-4b6a-9123-a11992c2ebf7', 'Nikolaus-Waelchi', '2023-08-27', '2024-04-28'),
                                                               ('2408bb75-ad0f-4952-8ab6-369255eea419', 'Predovic-Abshire', '2024-03-05', '2023-08-18'),
                                                               ('7b27333a-e571-491d-9cdf-03f407b7c5d5', 'Lynch, Kemmer and Conn', '2024-04-02', '2024-05-03'),
                                                               ('315d876b-2b4f-458c-ad75-c22e53f0ba0a', 'Morar, Franecki and Kohler', '2023-07-14', '2023-10-07'),
                                                               ('73a0c966-1e07-4d4f-9825-4314f7df69a3', 'Buckridge Inc', '2024-05-21', '2023-08-25'),
                                                               ('f15df516-2a65-41df-9a67-8e491ec5dd04', 'Kreiger, Kuhic and Leuschke', '2023-09-18', '2023-08-04'),
                                                               ('54299b54-ccde-4d6c-8147-147216b169e7', 'Tremblay and Sons', '2023-10-31', '2023-12-05'),
                                                               ('1c542c52-d7f0-41d1-8fc8-8e0f5501cd9a', 'Johns Group', '2023-10-25', '2024-04-17'),
                                                               ('42c3efe0-6f69-45fb-ac35-2ba9c66716f8', 'Ryan Group', '2023-09-27', '2023-08-02'),
                                                               ('175ac1ce-5069-4b2e-8639-e8719128f71a', 'Rath-Schowalter', '2024-03-30', '2023-10-20'),
                                                               ('dc26f8df-1c70-47bf-aff5-f2a5710fe67f', 'Barrows Inc', '2023-09-10', '2024-03-21'),
                                                               ('c12d0a7d-4d42-4d77-bea2-f013de49058f', 'Douglas-Balistreri', '2023-09-04', '2023-10-27'),
                                                               ('e281ce6b-6183-4814-90e0-0fe80832df06', 'Mosciski-Heidenreich', '2023-12-31', '2023-11-24'),
                                                               ('1c638adc-126e-4529-bd83-675340cdf1f8', 'Gottlieb-Koss', '2023-11-15', '2024-02-06'),
                                                               ('690e2141-41d8-4e13-a858-42f808796243', 'Flatley Inc', '2024-04-17', '2023-08-19'),
                                                               ('b5bd9462-2501-4381-95af-dc954955f8a3', 'Moore, Kreiger and Gutmann', '2024-01-01', '2024-01-27'),
                                                               ('39be2380-788d-4fb7-b7b4-99335636cdeb', 'Pfeffer, Cole and Hilpert', '2024-03-19', '2024-01-28'),
                                                               ('55b269c7-e552-455a-95aa-78d5d9667b71', 'Renner and Sons', '2024-01-31', '2023-08-05'),
                                                               ('a8c43edc-136f-4657-bc06-fd32343867a0', 'Purdy Inc', '2024-01-13', '2023-12-02'),
                                                               ('68fcafb0-3516-4de7-be28-b9c7238085ab', 'Miller and Sons', '2024-03-26', '2024-05-17'),
                                                               ('7a0aa27f-e18a-4195-9bc8-8834dbdf283f', 'Reilly and Sons', '2024-03-18', '2024-03-16'),
                                                               ('988ffa82-5a77-4656-9119-4985f11cafa6', 'Bins-Hand', '2023-06-13', '2024-05-07'),
                                                               ('e934aeba-8f8c-4723-ae36-553c854ac3b0', 'Streich-Wiegand', '2024-05-03', '2023-08-16'),
                                                               ('c423a92a-3b1c-42c6-8bb6-39a7c4687886', 'Nader-Kovacek', '2024-02-14', '2024-02-27'),
                                                               ('828410b5-c71b-429d-8f83-ccf5ef75a353', 'Quitzon Inc', '2024-03-28', '2023-08-20'),
                                                               ('b85b155f-9eae-4f04-ad43-51258b7b9edb', 'Mueller-Sipes', '2023-07-16', '2023-07-10'),
                                                               ('13f8cbe4-9001-426e-b8e4-9fe02c82fd93', 'Wiza, Labadie and Little', '2023-07-29', '2023-12-17'),
                                                               ('d31eebd9-9920-48ca-adbc-263abe8e7582', 'Mraz, Lynch and Reinger', '2024-03-23', '2023-10-12'),
                                                               ('b0556d49-e6fe-4acc-9c86-c4ea050351ba', 'Leuschke Group', '2023-10-23', '2024-02-24'),
                                                               ('1b040544-ea70-4114-8f57-dea25db29eec', 'Lueilwitz Inc', '2023-10-21', '2023-10-06'),
                                                               ('094acfd5-9ce5-43ec-b251-fdf92a8aa05b', 'McKenzie-Gorczany', '2024-05-13', '2023-06-22'),
                                                               ('fd3a4a5d-537e-4cca-91c7-a235e3135c80', 'Runolfsson-D''Amore', '2024-06-03', '2023-12-28'),
                                                               ('95364eb6-cd0b-4f24-b513-10f18535f2ab', 'Krajcik-Bailey', '2023-12-09', '2023-12-31'),
                                                               ('ee953bf2-fc33-45f0-8808-3d8d5ede60c2', 'Blick, Grimes and Gerhold', '2024-02-17', '2024-04-27'),
                                                               ('dbac7d24-3086-46c4-8913-95d65e869f61', 'Blanda-Morar', '2023-09-03', '2023-08-06'),
                                                               ('70ba4cff-bb59-49d1-acd6-f8252acfadbd', 'Vandervort-Willms', '2024-05-13', '2024-04-01'),
                                                               ('9063873f-fb13-4f0a-8720-d2fcc2ef1ab7', 'Wolf Group', '2023-10-17', '2023-07-25'),
                                                               ('0bf15fc1-59a9-4703-8e93-17c36a97075f', 'Orn LLC', '2024-05-22', '2024-03-18'),
                                                               ('df8aa362-04bb-430a-b6b7-e7a4d6a76130', 'Orn and Sons', '2024-04-15', '2024-05-28'),
                                                               ('bff806ca-792e-4936-ae38-18418c73c5b0', 'Emard, Greenfelder and Blick', '2024-01-26', '2024-04-05'),
                                                               ('dc56b1da-4c59-4d1d-b0cf-88fe70475ccb', 'Satterfield, Zboncak and Kerluke', '2023-08-06', '2024-05-15'),
                                                               ('da02bc77-68a7-4489-bad0-eb129526bb0c', 'Bruen, Hilpert and Marks', '2023-07-22', '2024-03-25'),
                                                               ('8ba7fdc9-4cc2-4321-9387-e535d58f32d9', 'Hilpert Group', '2023-07-29', '2023-12-05'),
                                                               ('79be0790-3a6b-4851-98e4-405a2064a54c', 'Graham, Macejkovic and Spinka', '2024-06-08', '2024-05-07'),
                                                               ('8f949abb-d055-4a5e-8b02-ddd8e4e23528', 'Pagac-Batz', '2023-09-23', '2023-12-16'),
                                                               ('78957afc-3240-49da-938a-62a1576cbf0f', 'Gibson-Jaskolski', '2024-06-08', '2023-08-13'),
                                                               ('53819ece-7e2d-453d-846c-53c7e469e198', 'Feil-Dach', '2024-02-24', '2023-08-14'),
                                                               ('5a5e5f1d-1608-4dd2-92b6-70e4e3c8c171', 'Stamm-Block', '2024-03-07', '2024-01-09'),
                                                               ('423351fd-0617-4d28-bba8-06f07ba43b12', 'Veum, Lindgren and Lesch', '2023-08-11', '2024-01-25'),
                                                               ('9da8065c-1b81-45be-acbe-c4731cc41c1b', 'Anderson, Lowe and Jerde', '2024-03-04', '2024-02-18'),
                                                               ('c6217d6b-5ffc-498a-a7db-591c84e49c62', 'Rippin, Bode and Dach', '2024-04-14', '2024-01-25'),
                                                               ('3335ed7c-0bcc-4086-aca8-9e4a47690a3d', 'Prosacco, McCullough and Braun', '2023-12-05', '2023-11-29'),
                                                               ('5a1fd1a3-4f6c-47e1-bc89-7139fab6e61d', 'Jacobs, Hahn and Zieme', '2023-10-11', '2024-01-28'),
                                                               ('b49e75e2-4806-4948-bb60-2fb28e74caac', 'Sporer, Konopelski and Smitham', '2024-02-28', '2024-02-18'),
                                                               ('4b6919e0-397d-4ffa-a7bd-c6c92c45c3ae', 'Gerlach LLC', '2023-07-30', '2023-12-02'),
                                                               ('fd5a45bc-5df3-49b5-ac27-8c0f479a478f', 'Grant, Hahn and Borer', '2024-05-20', '2024-05-13'),
                                                               ('8c684303-39f9-4a5d-be4e-ff70a7b50fb1', 'Rempel-Farrell', '2024-05-27', '2024-02-24'),
                                                               ('93a7bc22-6e20-4391-81e7-7622ed066652', 'Rowe-Hermann', '2023-06-30', '2023-09-24'),
                                                               ('0be7e925-0d19-428c-bbcb-e736eb4dd4f8', 'Boyer Group', '2023-10-02', '2024-01-21'),
                                                               ('93f75c5f-6f59-4f4f-88e5-dc2fc3ed4250', 'Bahringer, Dach and Zulauf', '2024-04-14', '2023-07-22'),
                                                               ('0c0f0eb2-1fb8-4fa0-9037-f4945b229dd3', 'Wehner Group', '2023-10-24', '2023-11-27'),
                                                               ('f7547c88-f089-4442-94e5-222cae0bea79', 'Rice Group', '2023-11-29', '2023-09-06'),
                                                               ('2bc135c3-ad1d-4237-b0ec-309024ce7312', 'Gleason-Tremblay', '2023-07-11', '2024-04-12'),
                                                               ('faabdf2c-fe77-42b4-ba44-594b135f5a30', 'Stokes Group', '2023-11-23', '2024-01-14'),
                                                               ('1daf769f-9dfe-497d-80b2-f8c01ea7434a', 'Klocko, Langworth and Schinner', '2023-11-07', '2024-05-15'),
                                                               ('3d31089a-5c3f-47de-a14c-d3dc727048ce', 'Hane, Braun and Ritchie', '2023-12-04', '2023-08-07'),
                                                               ('f7b45773-5c2e-4a26-af67-c524e5a94501', 'Hyatt-Emard', '2023-09-02', '2023-06-18'),
                                                               ('00c7d565-61d5-4c8c-9886-d1a337d657b9', 'Roob, Windler and Schuppe', '2024-04-20', '2024-05-23'),
                                                               ('c554c079-18e3-4c7c-ab1a-341468c39f3f', 'Kunze-Huel', '2024-01-20', '2024-03-22'),
                                                               ('32802d36-55d1-4f68-b6da-a5f907eee13e', 'Cartwright Group', '2024-05-31', '2023-09-19'),
                                                               ('8787006b-f377-429a-bbc4-6d1e1e3f7e67', 'Stracke Inc', '2023-09-28', '2023-12-10'),
                                                               ('8fc2f5b0-7f79-4205-a0e8-a2aef6d4c67d', 'Walter and Sons', '2024-02-25', '2023-07-25'),
                                                               ('f0e000c1-3ee7-4693-92ac-4a005fbd4b18', 'Ziemann-Heaney', '2023-07-28', '2023-06-21'),
                                                               ('237cfdb9-61e7-491f-b358-1d8eee6fcddc', 'Zulauf Inc', '2023-09-05', '2023-12-07'),
                                                               ('a7e5d0e4-a129-45d0-90d4-d086dc78ae9b', 'Daniel Group', '2023-09-23', '2023-08-28'),
                                                               ('b955c89d-ad1e-4513-b82e-b9958b433b2c', 'Hartmann-Cole', '2024-05-08', '2023-10-09'),
                                                               ('faab5ce2-3dfe-4e8b-a051-bab98531638b', 'Bauch-McDermott', '2023-11-20', '2023-11-06'),
                                                               ('87f17a7a-1ca9-4df9-834a-9a764da0a452', 'Kozey and Sons', '2024-04-01', '2024-04-24'),
                                                               ('71a208d7-9bd9-4080-9f78-7db4704b4bf7', 'Ziemann LLC', '2024-05-07', '2023-10-01'),
                                                               ('ae5612c0-ecbf-4633-bd9c-df37f41a716e', 'Medhurst-Jenkins', '2023-07-09', '2024-04-03'),
                                                               ('df489560-eb6e-4bcc-9958-179dfbd37005', 'McKenzie, Streich and Bins', '2023-11-23', '2024-04-05'),
                                                               ('0799caca-2fc1-401f-9da3-e9357c96cf69', 'Block Inc', '2023-09-02', '2024-04-20'),
                                                               ('bb9f30d9-795d-40bd-936f-cd5342cd6880', 'Reichel Inc', '2023-07-24', '2024-05-24'),
                                                               ('aa65450a-168f-4c92-a552-5fde558fde95', 'Crona, Reichert and Conroy', '2023-08-06', '2023-08-05'),
                                                               ('008e8b6b-dc5d-4347-a750-e5c6b62e5643', 'Lehner and Sons', '2023-07-07', '2024-02-08'),
                                                               ('6bda3db4-c65c-4cdb-a5b3-1c306dd4854a', 'Prosacco LLC', '2023-11-30', '2023-09-22'),
                                                               ('c1e0cc6b-f464-4dd8-9e8e-a637464dad92', 'Runte-Crooks', '2023-06-26', '2024-03-18'),
                                                               ('469284e5-8bae-4a25-9e2d-c804abeef89d', 'Ebert and Sons', '2023-11-28', '2024-06-11'),
                                                               ('301d263a-1903-4e20-94be-c2a2a5823aa5', 'Kutch, Bernhard and Schimmel', '2023-11-19', '2023-06-30'),
                                                               ('b35eec7f-7052-406e-b250-9247f5be25a7', 'Schaden-Ritchie', '2024-05-02', '2023-08-07'),
                                                               ('d4f929c5-9c9f-4d02-838c-2b85fc444577', 'Brekke Group', '2023-07-13', '2024-03-29'),
                                                               ('cc035cfe-759b-4f07-9f4e-7c948fb55bc3', 'Haag-Connelly', '2024-01-26', '2024-03-29'),
                                                               ('44ca2de6-4d3c-4b95-ba84-f64421826518', 'Greenholt-Hilll', '2024-05-04', '2023-09-23'),
                                                               ('89076b8c-2260-4998-9c87-f31f50246835', 'Weissnat Inc', '2024-02-11', '2024-03-19'),
                                                               ('534db036-1ac6-4483-a6ed-e67ef261b150', 'Emard, Sanford and Aufderhar', '2023-07-08', '2023-06-12'),
                                                               ('be6e6c43-6957-4ba0-8189-7f0c26832e4d', 'O''Conner-Nader', '2023-10-28', '2023-10-17'),
                                                               ('b93f466d-b19d-43d0-a533-a07b1cdda532', 'Anderson, Turner and Bradtke', '2024-01-27', '2023-10-02'),
                                                               ('940b9540-12d8-4cc2-b003-356ba5aaf5ff', 'Von, O''Keefe and Sporer', '2024-02-22', '2023-08-20'),
                                                               ('e1143cf0-b0b4-4a19-b5c2-97e574ab707c', 'Aufderhar, Collier and Abbott', '2024-03-02', '2024-04-09'),
                                                               ('e0057852-f150-46c7-be55-83d2b0d61641', 'Johnston-Mayer', '2024-05-09', '2023-10-20'),
                                                               ('35d024cb-e933-4241-82bb-2d005fa86024', 'Roberts-Nikolaus', '2024-02-11', '2023-10-22'),
                                                               ('5dc32d8e-390e-4652-990f-e8ad472417e8', 'Donnelly-Hammes', '2024-04-13', '2023-09-06'),
                                                               ('d68f3ecc-f871-4811-bc57-a8c33885a45b', 'Lang-Jenkins', '2024-05-24', '2024-04-17'),
                                                               ('6c68d8b4-5324-4de9-aec2-09a219df0af8', 'Abernathy-Kovacek', '2024-04-17', '2023-11-19'),
                                                               ('a6899992-85ad-4686-b466-7a9527cff439', 'Koss-Ondricka', '2024-02-17', '2024-02-22'),
                                                               ('c6fa9cce-1850-4ac7-b5a9-9ca2ab43fafc', 'Gerhold LLC', '2023-11-26', '2024-04-03'),
                                                               ('294f0fe7-ff45-474e-88c4-6532b9b6fa4f', 'Ziemann-Greenfelder', '2024-04-22', '2023-08-27')
    ON Conflict(id) DO NOTHING;

-- Rooms
INSERT INTO rooms (id, cinema_id, name, seats, created_on, last_updated_on) VALUES ('7de2054f-a812-4eff-a61c-e76b05ace2eb', '4360bd0e-fa82-4421-9dfd-5e2b0e7e640a', 'King''s Compact Sandwort', 65, '2024-02-22', '2024-04-24'),
                                                                                   ('46948937-50d2-49f9-b584-67adec8eb9f7', 'e537cb8b-22fa-4599-9253-7b4ed9cbdca7', 'Tasteless Stonecrop', 40, '2023-07-11', '2024-04-12'),
                                                                                   ('32c2c41b-c949-4455-bf68-f16b087b58fa', '613b351d-81ae-4f5e-b485-270d54bcd223', 'Little Purple Monkeyflower', 98, '2023-12-20', '2023-08-04'),
                                                                                   ('b9503a0c-a886-4fe1-b599-1a9b0cf7e511', '24b76c03-07ba-479c-aa85-46f962fd8a26', 'White Panicle Aster', 4, '2023-09-10', '2024-06-11'),
                                                                                   ('d46eb544-ea6e-47f7-a578-e3228b95b4d6', 'f7af15dc-17fb-4cd7-b67b-4f886c08a494', 'Threadleaf Fleabane', 55, '2024-02-28', '2023-07-12'),
                                                                                   ('dffd48c9-befb-4359-91c8-3cd1e415d03a', '92c75395-6d88-42c6-9cc6-7ec85ed2c657', 'Jeweled Onion', 52, '2023-08-23', '2023-06-27'),
                                                                                   ('ed5d2de2-686e-488c-9363-44aeaa00b0d5', 'af42310b-543f-45d4-bd36-75fbe337511d', 'Four O''clock', 94, '2024-02-02', '2023-12-29'),
                                                                                   ('1c07d0a5-b3dd-40f9-8596-c02809f74af6', '40756648-ac2e-4918-86bc-89e1e384e105', 'Kaibab Pincushion Cactus', 63, '2024-04-03', '2023-10-29'),
                                                                                   ('19360c1f-4e77-4152-89e3-18f1a6b4730a', '27e53a65-28d5-425d-999e-72233d556f69', 'Quillwort', 64, '2023-12-06', '2023-07-05'),
                                                                                   ('67a83354-7a32-4e5b-a5a0-2cbeaf90ad64', '1bb3afb2-536a-4511-ad36-bf5fa360ad41', 'Seaside Alumroot', 16, '2024-05-25', '2024-02-18'),
                                                                                   ('15e4d68f-67db-4737-abbe-517cf4c21e00', '77b5f953-9e81-44d0-a927-5e23acd999f3', 'Santonica', 70, '2023-09-16', '2024-02-03'),
                                                                                   ('3cd2144b-0c76-4550-bc9e-d4e1ba879446', '9c1c918e-774d-40d5-805e-b17b50b9b8ae', 'Justiceweed', 51, '2023-07-20', '2023-11-20'),
                                                                                   ('6ccb05ed-8b6d-4f8b-8ebd-3fe553bd2588', '383692a3-0826-4e52-a690-2fe97072df45', 'Hornwort', 65, '2023-10-16', '2024-01-14'),
                                                                                   ('49319da8-dbe7-469e-969e-e1ad4792e4fc', '223cbadb-24cb-44c0-9bda-0956490369dd', 'Vomitbush', 9, '2023-07-21', '2024-06-11'),
                                                                                   ('afcaa3fb-81d9-4856-a74f-2992e6d73852', 'c2db2caf-4028-492e-9b0c-2c36cb629636', 'Yellow Sarson', 53, '2023-06-30', '2023-12-30'),
                                                                                   ('fa0b9831-c3dc-46d2-a2c2-d2b99c956e69', '47d5fafe-c8bd-4632-8396-98db056b9782', 'Solenospora Lichen', 64, '2024-05-11', '2023-12-12'),
                                                                                   ('1d94d088-299c-4da8-9e3a-0985a24a9056', 'ac4f0cfd-90e4-47bd-a9eb-7554e60437fd', 'Parmelia Abrothallus Lichen', 80, '2023-10-20', '2023-12-07'),
                                                                                   ('8d2f906f-a873-4757-8010-75a090b71e7e', 'c323fc36-e621-41aa-91b9-54630820af3f', 'Baldwin''s Flatsedge', 39, '2023-08-27', '2023-09-19'),
                                                                                   ('23cd534e-0b78-4283-af81-a00ca4e53eb0', '221537a7-ff8b-4f67-96e1-4461143abba8', 'Santa Rita Mountain Grama', 32, '2023-08-05', '2023-09-22'),
                                                                                   ('9f4a198c-29f3-408d-bb0b-f32d223d215c', '92a78be6-eb55-42e6-ba4a-1821a1bfd0f4', 'Wiebke''s Beggarticks', 78, '2024-01-06', '2024-03-24'),
                                                                                   ('5ce99060-edd7-4e2a-a8f0-49958a2eb612', '2dc6f748-242a-4350-9248-9f27d0924aa0', 'White Garlic', 14, '2024-04-15', '2023-10-01'),
                                                                                   ('9c5a0091-edaf-48f7-86da-f85689f446e6', '3729f46d-8e2d-466a-ba7e-dc3b9d0f6ac6', 'Ibapah Springparsley', 64, '2023-12-11', '2024-04-01'),
                                                                                   ('5b66628a-ce6f-47fa-9b80-957ef0fc96be', '8c0c859e-6d62-4476-bc0c-e143b4cf01e6', 'Mexican Seepweed', 72, '2024-03-18', '2024-01-26'),
                                                                                   ('63588b83-ee0f-49d9-a981-53e8ab77d92e', '3fbecd40-240d-43e7-83f5-04e96e13bd89', 'Common Yarrow', 97, '2023-08-13', '2023-10-16'),
                                                                                   ('1e464882-0565-49ab-89cf-c3a83831db3c', '7ae1d0db-b37e-40a1-a1b7-e246ad7e1808', 'Foothill Larkspur', 81, '2023-08-07', '2023-08-18'),
                                                                                   ('4dbf4207-d53d-48b6-9f59-05e21e2e71d0', 'd77f4b63-f4fa-4ae0-b3f7-5efd4bedd83c', 'Fringed Windmill Grass', 11, '2024-05-20', '2023-06-27'),
                                                                                   ('30c721e6-3c06-4409-907b-0eec4fd39e54', '3c3959fe-f80d-4534-a141-b98c664aa084', 'Brachythecium Moss', 93, '2023-08-29', '2023-07-15'),
                                                                                   ('9be8361d-ff63-4c72-a1a9-45d599baa436', 'c6da0098-0455-44bf-bbf6-4e72f6fec5db', 'Viscid Tansyaster', 29, '2023-09-24', '2024-03-03'),
                                                                                   ('45d2e045-a772-4fae-a12d-7f75430686cd', 'bc1f2a5d-cfd1-4ab1-be7a-3f65acd3fe64', 'Greene''s Blue Eyed Mary', 29, '2024-01-27', '2024-02-24'),
                                                                                   ('8cdd5519-464a-449e-aa27-555ac6135fc6', '3469877d-8491-4562-a8c2-98086ed950be', 'Chocolate Chip Lichen', 27, '2024-03-27', '2024-05-24'),
                                                                                   ('e7aac538-4f00-48a6-81df-937fc6b8f726', 'c6f2df6a-3e4c-498e-986e-c77c33054247', 'Hecistopteris', 11, '2024-01-15', '2023-06-22'),
                                                                                   ('3cc284de-1a3a-47ba-837e-453f071b87b4', 'a1386c39-3e4f-40f2-aa40-aae5b25621c0', 'Corchorus', 95, '2024-02-21', '2024-02-29'),
                                                                                   ('9e558ffb-1a8a-466d-bcb3-2fc21d181cda', 'b05e72a6-d4ab-4ee8-8718-6b1ead18da57', 'Clustered Dodder', 61, '2023-10-31', '2023-11-20'),
                                                                                   ('f6f6cbaa-2d75-4d4f-bbd3-0ccf191cc6d4', '1e82cc0b-9cde-456e-962a-e1c857887619', 'Gray Globemallow', 80, '2023-08-26', '2024-04-18'),
                                                                                   ('bdc8f239-ae4e-46ab-a77b-25d51bd56877', '838b83e8-1e46-41d9-a689-2d4cc4a550ff', 'New England Blackberry', 83, '2024-01-29', '2024-05-24'),
                                                                                   ('ea6ff32e-3dd5-4bfc-9449-7dd413e0a09e', 'c046db70-dfed-46bf-a891-ae5ac9598126', 'Flatsedge', 46, '2024-02-25', '2024-06-07'),
                                                                                   ('c0280a98-0d9f-4884-aa56-b4993f675be2', '581f5379-d913-4061-870f-e3839d583c42', 'Inconspicuous Pea', 73, '2024-02-26', '2023-06-12'),
                                                                                   ('f916afb8-d370-451c-9906-8523f0818428', 'f85a2a00-5a0e-4f9b-9a64-6023a399a879', 'Julella Lichen', 53, '2023-08-21', '2023-06-20'),
                                                                                   ('a6e928a2-b48f-49ce-aa3a-1bfb17f06cfa', '5f10d914-f54d-4679-a186-33f23d302947', 'Oceanspray', 7, '2023-10-11', '2023-10-16'),
                                                                                   ('279ec8f6-a21b-4969-a6a1-51b688cdb3a0', 'e5373004-e4a9-47b8-bada-03ef99e1c937', 'Andrews'' Bedstraw', 15, '2023-12-27', '2024-03-29'),
                                                                                   ('8a057e58-b744-4322-b74b-d08c6abad9d2', 'da3b6781-d03a-459a-bd96-9c28805a1270', 'European Wand Loosestrife', 14, '2023-10-30', '2024-04-02'),
                                                                                   ('bf74f79f-471e-42ee-b523-e6c92e8aa240', 'a1fe34c1-5750-4e4b-9749-159672e0146b', 'Longstalk Clover', 54, '2023-11-16', '2024-05-14'),
                                                                                   ('32952a23-5dc1-4efd-a4b6-764c3c0c7ba2', 'e3a39656-c9a4-4e1a-9ff4-55a77069fd61', 'Guava', 45, '2024-06-02', '2024-05-08'),
                                                                                   ('adcf5cce-bba8-43ae-af0d-a73737d75385', '4ae63b22-e430-45ef-8f11-bc4a46838571', 'Daphnopsis', 97, '2023-06-26', '2023-12-29'),
                                                                                   ('3e2660e1-ef85-428c-a073-7fbb53c89616', 'f73674e9-b5f7-4d1b-bf40-cc17e3099a7b', 'Malheur Valley Fiddleneck', 42, '2024-03-31', '2024-04-25'),
                                                                                   ('b9da3d3a-9b24-45d6-80f2-3afd9a3bce2a', '7fdcaa61-d5f1-47f7-bc22-c881d88def6d', 'Monterey Larkspur', 60, '2023-06-29', '2024-01-19'),
                                                                                   ('8ec995ce-458a-499d-a499-441b9788c05f', 'febb86e9-cfce-40bd-9a63-34e78d7068be', 'Jamaica Swamp Sawgrass', 68, '2023-11-26', '2023-12-27'),
                                                                                   ('ddd669de-a790-4d0b-a629-bfd5e20df463', '0f4bc91a-176c-40d6-ba7b-c4673408fad1', 'Wright''s Dwarf Gentian', 83, '2024-01-28', '2023-08-08'),
                                                                                   ('c177ed6d-4107-4e0b-b2b0-22da15b525ec', '2495afb7-24c0-4285-9f75-4c77defba2a8', 'Smooth Yellow False Foxglove', 37, '2024-01-06', '2023-09-06'),
                                                                                   ('6294dc25-657e-4c4c-a4c1-c09b4e340e44', 'd060a629-e21d-4495-8797-82d0a3ce7d87', 'Galanga', 96, '2023-12-30', '2023-09-23'),
                                                                                   ('94cda0a6-c6f5-41b6-a2aa-49a4f6038d1b', '1444884a-14e9-47e6-9b27-2e270609a639', 'Rim Lichen', 60, '2023-07-17', '2024-05-11'),
                                                                                   ('0b27d392-44f4-4261-a2f9-5dc708509058', '11100ef2-7631-46d8-9ce5-86c29f196ead', 'Haya Blanca', 97, '2023-09-09', '2024-02-25'),
                                                                                   ('dec37240-8c71-429c-adbd-f4836ded8092', '088a36c9-1de1-463e-bdcb-eacc83aa44b3', 'Wright''s Beebrush', 32, '2023-10-14', '2023-09-13'),
                                                                                   ('c15e81a1-9b45-4d4d-8336-1825ae7bec8b', '5ef680f5-e181-4f63-a944-ddc026a67829', 'Beard Lichen', 10, '2023-07-08', '2024-05-24'),
                                                                                   ('dbcff26c-6667-40c7-847c-b5a0362db56c', '35d2d3ae-9eff-461e-a142-90be4de7002d', 'Brazilian Bayhops', 25, '2024-02-18', '2024-01-15'),
                                                                                   ('4e8c6c55-50a2-496a-b615-56f3cdc60d6a', '1e8bd720-915b-4a6f-b865-77bae2bf061d', 'Dieter''s Erigeron', 40, '2023-08-19', '2024-05-20'),
                                                                                   ('93c45bd1-5785-4a84-8327-dc39c2ffad4f', '518b1de0-0295-44b3-851f-d32daf19b158', 'Pruit''s Candytuft', 89, '2023-09-27', '2023-07-30'),
                                                                                   ('fb027982-cd35-4b09-9b49-1aeef8bb8070', 'c5efa6d0-c7ed-4894-939c-49c3e803d816', 'Woollybutt', 4, '2023-07-25', '2024-02-11'),
                                                                                   ('e7cc9b20-557d-4dcd-ae8c-8264b9e2b7e4', '6182a8d6-94d2-4d32-a7c9-13b4b1abd768', 'Rock Clematis', 50, '2023-11-16', '2024-05-04'),
                                                                                   ('6a14fb8e-42c8-4b0b-9026-f38618a66902', '7b495499-3e02-433e-afcd-0fcf2be483eb', 'Hairy Cornsalad', 65, '2024-03-07', '2023-12-24'),
                                                                                   ('afb890fa-259d-4e59-9e84-fdd983c5bcdf', '346e7526-c9a0-414f-b601-8581f8513c36', 'Star Of Bethlehem', 25, '2024-06-08', '2024-05-09'),
                                                                                   ('05856258-46f2-4bd6-8bd4-13a90d454dfe', 'c0c8e0fa-3e58-40f3-90bd-464558eac8e2', 'Rye Brome', 81, '2023-08-29', '2023-11-15'),
                                                                                   ('3c803b00-cf4b-4dce-9a7d-019cebc4a06f', '5dff47e3-a527-45b1-9e3f-0deed8269f23', 'Hybrid Ladyslipper', 17, '2024-04-28', '2024-03-20'),
                                                                                   ('9077f2ea-227c-4845-9ab7-91635937fcc1', '9eb12159-c371-4764-9d15-1b46b734a772', 'Castalis', 48, '2024-04-07', '2024-05-27'),
                                                                                   ('132b67b5-f3d3-4351-af53-63faf7a1c6ce', '8a5452f3-48d1-403b-8eb5-a1a5d219074b', 'Grimmia Dry Rock Moss', 19, '2023-12-29', '2024-04-09'),
                                                                                   ('7b45363f-dc68-4cca-b6e4-68f88614cc55', 'ec776aa7-79a6-4402-a333-243ef10821ae', 'Lemmon''s Lessingia', 1, '2024-03-28', '2023-11-08'),
                                                                                   ('9285b703-3d7d-4f41-91f8-8db8a46be92c', 'cd2c15b6-68a4-4945-8031-cdb47da7476c', 'Roundleaf Catchfly', 41, '2024-05-27', '2024-02-23'),
                                                                                   ('3bbae9c2-ea02-4db7-947e-fa809747ecf7', '89bc43ba-ba71-41a8-875a-2618ce495ee3', 'Hooky Grass', 15, '2023-10-12', '2023-12-10'),
                                                                                   ('e555160a-257a-4bca-895d-65000bc461c8', 'f8b85711-148c-448d-b26d-09d49225e294', 'Wild Custard-apple', 93, '2023-10-18', '2023-06-16'),
                                                                                   ('ab0f8c19-886c-466a-9cb9-c04f68074021', '2b0946a9-bae5-481d-b0bb-6e6208631a9b', 'Blisterwort', 10, '2023-08-20', '2024-05-28'),
                                                                                   ('6f2b68ee-d83d-41a6-a081-ed9a95983475', 'd2b24a16-c925-4524-b597-938af32402f7', 'Greenland Cinquefoil', 8, '2024-06-10', '2024-01-21'),
                                                                                   ('2ce50ca6-8a72-432f-a900-dd70b93d0bb8', '3f15429c-b1b8-4833-b06f-819fe63e45da', 'Milkweed', 15, '2024-03-31', '2023-09-19'),
                                                                                   ('fd0993a4-cd23-4380-9f82-80288496a9f7', 'cd4bd9c5-855b-400e-964a-5f7c6898c04f', 'Bitter Ginger', 3, '2023-08-17', '2023-12-12'),
                                                                                   ('75594826-055d-4326-b9de-85f23b96a203', 'fc97bba0-9251-4a59-b277-330da2cd27d1', 'Birdfoot Checkerbloom', 42, '2023-12-01', '2023-10-04'),
                                                                                   ('b5c3788a-7bb1-4457-bd2f-f1f405914cb6', '70cf5e4d-eec9-4c89-861d-c5f76dfe72ac', 'Cracked Lichen', 68, '2023-07-19', '2023-09-26'),
                                                                                   ('55d113ec-167b-4cca-a715-ec9614354c8c', 'b552afe2-e9f9-43c5-8ef8-e64047dff270', 'Florida Pinkroot', 69, '2024-03-29', '2023-09-05'),
                                                                                   ('59eca968-cdbd-4f80-9579-29eec6d58b36', '256e8ca5-b8ff-4fd1-8b22-07530dd302a3', 'Field Chickweed', 50, '2024-05-30', '2024-01-24'),
                                                                                   ('4e76f329-d4ca-4b68-a56b-dc6167dc7256', '8636e39c-7ac1-4bc5-93a6-5232404a4917', 'Hogpeanut', 25, '2024-04-11', '2023-08-26'),
                                                                                   ('eee8ec60-df9d-41cd-a17a-495fbd94298e', '667c5890-8927-443f-9811-8cd24b862e48', 'Shield Clover', 83, '2023-12-03', '2024-05-23'),
                                                                                   ('6978805a-baee-4dd7-9305-95cf32e13e43', '4765fac7-d91d-4da9-a572-efe0c01049f6', 'Chambers Paintbrush', 24, '2024-02-26', '2024-01-28'),
                                                                                   ('5a9cecd5-4a2b-417a-a456-54f2c9d6ffae', 'c824459b-0c11-4b02-b1be-51b3343dce7b', 'Hypnum Moss', 43, '2023-09-11', '2024-01-05'),
                                                                                   ('6b8cf5b5-9182-4379-bf0c-6d9a3bd269d5', '9ed216f4-a176-4593-addc-9102b05f04b3', 'Brazos Hawthorn', 18, '2024-02-01', '2023-11-04'),
                                                                                   ('b9e52a7a-f8d6-4ad0-9405-7e8b9d4832db', '8e9b30c4-8a57-422f-9645-5afb5585d994', 'Spiral Ginger', 49, '2023-12-20', '2023-09-15'),
                                                                                   ('3fea31c3-4b8a-4317-88e1-f564b03fc927', 'c0a8fe70-61a8-43e8-ba9f-e691443ea3d8', 'Shortfruit Spikerush', 39, '2023-10-05', '2023-06-20'),
                                                                                   ('65447cb8-64b8-4e4d-a4ed-c586294f76fb', 'f37ee2c5-1aa0-490b-b91d-15f7887b1ef5', 'Fennel', 11, '2023-11-09', '2024-02-08'),
                                                                                   ('adab60fc-60c9-4a7a-a71e-18d672466076', '1a019cbb-1a23-43db-8757-a247f42e2720', 'New England Blackbutt', 70, '2024-04-03', '2023-11-02'),
                                                                                   ('04b5fc4d-7131-4b0e-990a-b6138da482ab', '3ccf6be8-be74-42d7-b481-4f3d6d595ed0', 'Nelson''s Brickellbush', 5, '2023-06-17', '2024-02-19'),
                                                                                   ('08bef4ec-7ef8-4f2c-a964-312f21e6b64d', '1c0251bb-3663-4f4b-8178-b8a351b0734c', 'Open-fruit Mallee', 46, '2023-08-08', '2023-07-10'),
                                                                                   ('41f46e5b-d4f8-4d9c-90c9-19df9052fced', 'fdafab7c-f9ed-4371-8462-448521ec33cd', 'Muir''s Fleabane', 67, '2023-08-26', '2024-04-15'),
                                                                                   ('8b8ac252-c69d-40f3-94a9-19fc893b792a', '81e5508f-01f7-4d72-86a9-72fa0829d3fc', 'Siberian Crab Apple', 97, '2023-07-13', '2023-10-11'),
                                                                                   ('3658b9ae-ad21-484d-ac3b-c0129aff6f17', '795e5e4c-f9ff-4601-a848-1061d8554671', 'Hairy Evening Primrose', 27, '2023-07-29', '2023-12-07'),
                                                                                   ('715cdd4a-9e75-4e94-b9dc-bfb1f768aa49', '9a877383-345b-4ffd-8e23-b4894e353ebf', 'Evergreen Rose', 92, '2023-06-18', '2023-12-30'),
                                                                                   ('e5906308-88c0-4fea-aa6b-fa46b7b26424', '19533eeb-5bee-4c21-ab61-a200283a4194', 'Broadleaf Bluebells', 95, '2023-06-17', '2024-04-05'),
                                                                                   ('e124218b-cbba-4891-9494-8aa6fbb2c877', 'd12d5889-311b-4b6a-9123-a11992c2ebf7', 'Goldenrod', 19, '2023-10-28', '2024-01-18'),
                                                                                   ('ffaccba6-4daa-49c2-9343-d5679b734cb1', '2408bb75-ad0f-4952-8ab6-369255eea419', 'Sola Pith Plant', 94, '2024-01-25', '2024-05-14'),
                                                                                   ('e771a281-62ed-4c3c-880a-1573b83e214b', '7b27333a-e571-491d-9cdf-03f407b7c5d5', 'Carolina Holly', 58, '2023-06-29', '2024-03-22'),
                                                                                   ('d8ce72a4-df20-41ca-b2b6-511341414ac9', '315d876b-2b4f-458c-ad75-c22e53f0ba0a', 'False Buffalograss', 48, '2024-05-22', '2024-05-14'),
                                                                                   ('8d5f2057-5f29-4880-b8b1-4c6895e477a6', '73a0c966-1e07-4d4f-9825-4314f7df69a3', 'Alkali Goldenbush', 22, '2024-05-21', '2024-04-17'),
                                                                                   ('ed325930-c09a-45f3-bfe7-d3bbb723361e', 'f15df516-2a65-41df-9a67-8e491ec5dd04', 'Williams'' Miterwort', 51, '2024-02-13', '2023-11-16'),
                                                                                   ('6991073e-fd3f-49ab-849c-faec919050f9', '54299b54-ccde-4d6c-8147-147216b169e7', 'Horned Bladderwort', 42, '2024-01-06', '2023-12-15'),
                                                                                   ('3f1c6b0e-d0c1-4934-968f-b9842d980ec2', '1c542c52-d7f0-41d1-8fc8-8e0f5501cd9a', 'Littlehead Nutrush', 53, '2023-07-23', '2024-05-10'),
                                                                                   ('afeeb23a-f272-431e-802c-e409a8b4ca4d', '42c3efe0-6f69-45fb-ac35-2ba9c66716f8', 'Hatiora', 5, '2024-03-23', '2023-12-25'),
                                                                                   ('a7adbabf-a4d9-4c1c-b292-efd1a4a922e9', '175ac1ce-5069-4b2e-8639-e8719128f71a', 'Northern Microseris', 50, '2024-01-02', '2023-08-13'),
                                                                                   ('7093fb47-4325-460c-9868-ebe6dd578116', 'dc26f8df-1c70-47bf-aff5-f2a5710fe67f', 'Grand Junction Cryptantha', 88, '2023-08-08', '2024-01-14'),
                                                                                   ('68b418ca-3d93-4eee-888f-75e6317d7be8', 'c12d0a7d-4d42-4d77-bea2-f013de49058f', 'Harold''s Milkvetch', 55, '2023-11-22', '2023-11-08'),
                                                                                   ('c4edaf09-aa84-49e6-b073-b0f0d4c66061', 'e281ce6b-6183-4814-90e0-0fe80832df06', 'Kunana Pepperwort', 46, '2024-05-23', '2023-09-29'),
                                                                                   ('12d3e23e-db6a-4ac6-8200-2e22261f4de3', '1c638adc-126e-4529-bd83-675340cdf1f8', 'Forest Tetramolopium', 64, '2024-05-16', '2024-05-04'),
                                                                                   ('80dbe0da-5d70-4ab9-b06f-aa234a134088', '690e2141-41d8-4e13-a858-42f808796243', 'Western Showy Aster', 39, '2023-07-16', '2024-01-25'),
                                                                                   ('789de755-4365-425f-84f0-aba80cf1913b', 'b5bd9462-2501-4381-95af-dc954955f8a3', 'Chromatochlamys Lichen', 37, '2023-12-22', '2024-04-30'),
                                                                                   ('bd13ccc6-9a17-4f89-b346-46f33e200941', '39be2380-788d-4fb7-b7b4-99335636cdeb', 'Italian Plumeless Thistle', 31, '2023-07-12', '2023-09-10'),
                                                                                   ('46c7ff89-2ccd-4d6a-a23b-df99a80729ba', '55b269c7-e552-455a-95aa-78d5d9667b71', 'Mabolo', 85, '2024-01-29', '2023-09-07'),
                                                                                   ('c7dc46a0-8277-42a1-ab7c-94dea58d7dc3', 'a8c43edc-136f-4657-bc06-fd32343867a0', 'Camphorweed', 69, '2024-05-04', '2023-09-02'),
                                                                                   ('1bf03920-807f-4879-93d1-21f8d1b9381d', '68fcafb0-3516-4de7-be28-b9c7238085ab', 'California Eryngo', 38, '2023-11-25', '2023-08-19'),
                                                                                   ('a9dc7add-570f-4ec9-8149-852af99ba209', '7a0aa27f-e18a-4195-9bc8-8834dbdf283f', 'Camasey Felpa', 37, '2024-01-15', '2024-04-23'),
                                                                                   ('4a531b39-785c-416d-a254-316983dd26e2', '988ffa82-5a77-4656-9119-4985f11cafa6', 'Upland Blackberry', 34, '2023-06-12', '2024-06-02'),
                                                                                   ('5513eb72-2f37-4182-bc15-690acf0b747d', 'e934aeba-8f8c-4723-ae36-553c854ac3b0', 'Spectacle Fruit', 83, '2023-08-02', '2023-08-10'),
                                                                                   ('cfd3fad2-26f2-4964-a28f-5b746233e5f4', 'c423a92a-3b1c-42c6-8bb6-39a7c4687886', 'Early Saxifrage', 75, '2024-06-03', '2024-03-19'),
                                                                                   ('b06d9f60-1359-4e02-980b-2fea1f08015e', '828410b5-c71b-429d-8f83-ccf5ef75a353', 'Draperia', 82, '2024-03-20', '2023-06-21'),
                                                                                   ('c262beba-cf5a-447b-826f-95306d923786', 'b85b155f-9eae-4f04-ad43-51258b7b9edb', 'Tabacon Aspero', 55, '2023-12-31', '2024-04-16'),
                                                                                   ('4fceea7e-277e-4b9b-9002-59c7122c7ed1', '13f8cbe4-9001-426e-b8e4-9fe02c82fd93', 'Needleleaf Bluet', 75, '2023-06-19', '2024-04-11'),
                                                                                   ('59862713-6974-47b9-bea2-63c82c176cff', 'd31eebd9-9920-48ca-adbc-263abe8e7582', 'Cockspur', 74, '2023-06-23', '2023-11-23'),
                                                                                   ('83da390d-31f5-4152-b40b-807a54599b48', 'b0556d49-e6fe-4acc-9c86-c4ea050351ba', 'Yellow Larkspur', 77, '2023-12-10', '2023-09-20'),
                                                                                   ('d34e7fd9-a6a7-49fc-84d5-f670ff29c2b3', '1b040544-ea70-4114-8f57-dea25db29eec', 'Lecania Lichen', 25, '2023-08-08', '2023-11-10'),
                                                                                   ('54fe7051-d33b-4d7e-b61c-892037a2bf3d', '094acfd5-9ce5-43ec-b251-fdf92a8aa05b', 'Blood Currant', 6, '2023-12-11', '2023-08-09'),
                                                                                   ('42dc0629-d3c3-44d0-a169-6ef0f7eb8210', 'fd3a4a5d-537e-4cca-91c7-a235e3135c80', 'Frogwood', 85, '2023-12-10', '2023-10-08'),
                                                                                   ('eef48788-7462-416c-bced-9039e78916c6', '95364eb6-cd0b-4f24-b513-10f18535f2ab', 'California Goldenbanner', 7, '2023-12-03', '2024-05-28'),
                                                                                   ('55ec3a2b-56d8-4f3e-ac28-06a98d10f6fc', 'ee953bf2-fc33-45f0-8808-3d8d5ede60c2', 'Scotch Attorney', 72, '2024-04-01', '2024-04-01'),
                                                                                   ('494101b3-3334-4521-9684-f05ea59ce7f4', 'dbac7d24-3086-46c4-8913-95d65e869f61', 'Philonotis Moss', 7, '2024-04-05', '2023-09-12'),
                                                                                   ('a52b6291-0533-4032-a25a-5a5b9af3fd4d', '70ba4cff-bb59-49d1-acd6-f8252acfadbd', 'Balm-of-gilead', 59, '2023-06-19', '2023-10-23'),
                                                                                   ('ff423e85-0ec1-4bc9-ad5a-5995d50d4a72', '9063873f-fb13-4f0a-8720-d2fcc2ef1ab7', 'Script Lichen', 90, '2024-01-08', '2023-09-20'),
                                                                                   ('6f1f67f6-5eb7-466d-a603-de3d4cfe027b', '0bf15fc1-59a9-4703-8e93-17c36a97075f', 'Indian Springparsley', 82, '2023-09-27', '2023-10-18'),
                                                                                   ('e62fd13d-83b5-41b6-a699-792a01cb5f48', 'df8aa362-04bb-430a-b6b7-e7a4d6a76130', 'Yellow Colicroot', 95, '2024-05-07', '2023-08-22'),
                                                                                   ('07ca65f6-16ad-4a4b-a524-2cbe378310c0', 'bff806ca-792e-4936-ae38-18418c73c5b0', 'Redroot Amaranth', 20, '2023-07-19', '2024-01-07'),
                                                                                   ('36390393-a675-45dc-82d0-f41bfa1af14c', 'dc56b1da-4c59-4d1d-b0cf-88fe70475ccb', 'Windmill Grass', 24, '2024-05-03', '2023-10-18'),
                                                                                   ('6178ad39-bcc6-4abe-9638-aafdbaa29994', 'da02bc77-68a7-4489-bad0-eb129526bb0c', 'Smallseed Pygmyweed', 60, '2023-11-27', '2024-04-30'),
                                                                                   ('883e3327-5bd9-43ff-bf4d-21f5a6c78b70', '8ba7fdc9-4cc2-4321-9387-e535d58f32d9', 'Indian-physic', 97, '2023-11-27', '2023-08-31'),
                                                                                   ('6e0f926a-f624-4945-ad1a-f4d1376750c2', '79be0790-3a6b-4851-98e4-405a2064a54c', 'Eggleaf Lacefern', 29, '2023-10-31', '2023-12-14'),
                                                                                   ('2af6f9d0-9b2a-4c9e-a24f-9fcf1c9f006c', '8f949abb-d055-4a5e-8b02-ddd8e4e23528', 'Ames'' Milkvetch', 94, '2024-03-01', '2024-01-21'),
                                                                                   ('a497960d-dacc-4969-88aa-a5f2f9c6c53f', '78957afc-3240-49da-938a-62a1576cbf0f', 'Billarder''s Bryum Moss', 57, '2023-12-13', '2023-11-03'),
                                                                                   ('d9a1195c-3baa-4d3a-bcd2-6573d83f46cd', '53819ece-7e2d-453d-846c-53c7e469e198', 'Howell''s Dicranum Moss', 16, '2024-02-07', '2023-10-24'),
                                                                                   ('a5e9432b-e7db-43ef-8c1f-a754ee4fd253', '5a5e5f1d-1608-4dd2-92b6-70e4e3c8c171', 'Dichelyma Moss', 14, '2023-08-05', '2023-11-06'),
                                                                                   ('9a8d4b63-e443-4cf5-a83d-b72c0e011894', '423351fd-0617-4d28-bba8-06f07ba43b12', 'Cathedral Bells', 8, '2024-01-01', '2023-11-03'),
                                                                                   ('c9666937-289d-4443-a43d-a215dcdae18c', '9da8065c-1b81-45be-acbe-c4731cc41c1b', 'Lagetta', 67, '2023-07-13', '2024-02-18'),
                                                                                   ('76ce21a6-b8fc-4dc2-8948-aed515200c5d', 'c6217d6b-5ffc-498a-a7db-591c84e49c62', 'Slimjim Bean', 52, '2024-05-25', '2024-06-07'),
                                                                                   ('eb4a8eea-a490-461b-ab48-8bd77ed174b0', '3335ed7c-0bcc-4086-aca8-9e4a47690a3d', 'Hickman''s Onion', 69, '2023-12-29', '2024-05-26'),
                                                                                   ('d3d9f774-80b2-45e2-bd63-f90e652a51e8', '5a1fd1a3-4f6c-47e1-bc89-7139fab6e61d', 'Lone Pine Beardtongue', 36, '2023-07-08', '2023-08-04'),
                                                                                   ('dcc4c08b-f1d4-445a-85ec-98a840b139fe', 'b49e75e2-4806-4948-bb60-2fb28e74caac', 'Southern Mahogany', 2, '2023-11-04', '2024-03-27'),
                                                                                   ('2ccc31c4-35df-4658-b891-a56c64cfad02', '4b6919e0-397d-4ffa-a7bd-c6c92c45c3ae', 'Maravillas Milkwort', 87, '2023-12-18', '2024-06-07'),
                                                                                   ('4fbdbd1e-3474-4e7a-a7e5-41a657b88def', 'fd5a45bc-5df3-49b5-ac27-8c0f479a478f', 'Manybranched Pepperweed', 5, '2023-07-28', '2023-11-22'),
                                                                                   ('6d2bd420-5ceb-493b-84ed-58a3bd1cfc37', '8c684303-39f9-4a5d-be4e-ff70a7b50fb1', 'Illinois Ticktrefoil', 61, '2023-12-24', '2024-04-02'),
                                                                                   ('8bfccd91-3bce-4ca4-948a-7482745d0bb2', '93a7bc22-6e20-4391-81e7-7622ed066652', 'Ama''u', 88, '2023-06-20', '2024-04-25'),
                                                                                   ('8d51d2e3-62ec-4858-8722-51903ef893ed', '0be7e925-0d19-428c-bbcb-e736eb4dd4f8', 'Intermediate Plagiomnium Moss', 38, '2023-10-16', '2024-02-20'),
                                                                                   ('510a2464-b3b6-4b2f-82c3-b516d065e50a', '93f75c5f-6f59-4f4f-88e5-dc2fc3ed4250', 'Horseflyweed', 93, '2024-01-24', '2023-06-30'),
                                                                                   ('8c3c7a52-301e-4cbf-91c8-b842a28d120f', '0c0f0eb2-1fb8-4fa0-9037-f4945b229dd3', 'Garden Asparagus', 65, '2024-06-10', '2024-04-04'),
                                                                                   ('e7c33176-40f4-41a4-bfca-9f72c6334a40', 'f7547c88-f089-4442-94e5-222cae0bea79', 'Mountain Meadow-rue', 92, '2024-05-17', '2024-05-11'),
                                                                                   ('27c50e38-4bd5-4b98-89fb-735f4b9b2f08', '2bc135c3-ad1d-4237-b0ec-309024ce7312', 'Silverweed', 9, '2024-06-11', '2023-09-21'),
                                                                                   ('368fa56a-f475-411e-8f74-4b3b07b4e655', 'faabdf2c-fe77-42b4-ba44-594b135f5a30', 'Branched Centaury', 45, '2023-11-23', '2023-10-24'),
                                                                                   ('88a11c81-ebea-4ec0-8837-82292bdffb99', '1daf769f-9dfe-497d-80b2-f8c01ea7434a', 'Bearded Cinquefoil', 26, '2024-05-13', '2024-03-29'),
                                                                                   ('4a612a2e-d51b-4b86-bfc1-c01c80d79dc8', '3d31089a-5c3f-47de-a14c-d3dc727048ce', 'Wyoming Sand Verbena', 19, '2024-01-09', '2024-02-05'),
                                                                                   ('c356217a-00f9-41fa-bf50-e801a34c3f06', 'f7b45773-5c2e-4a26-af67-c524e5a94501', 'Epling''s Hedgenettle', 11, '2023-10-31', '2023-07-03'),
                                                                                   ('33b81bf9-1bc4-4bec-953d-56e16a85d188', '00c7d565-61d5-4c8c-9886-d1a337d657b9', 'Browneyed Susan', 76, '2024-02-21', '2024-02-17'),
                                                                                   ('0a13442a-b850-40a0-8a8b-7dc185472e71', 'c554c079-18e3-4c7c-ab1a-341468c39f3f', 'Clypeococcum Lichen', 39, '2023-07-15', '2023-06-22'),
                                                                                   ('f63a9174-9f8f-455b-9671-4820bde29f8a', '32802d36-55d1-4f68-b6da-a5f907eee13e', 'Cracked Lichen', 23, '2023-10-04', '2023-07-20'),
                                                                                   ('91052170-7e34-4f90-bcb7-dbe44129c88e', '8787006b-f377-429a-bbc4-6d1e1e3f7e67', 'Aleurites', 28, '2024-03-31', '2023-08-28'),
                                                                                   ('840143ac-d2f8-4e26-bad7-ccc10d1e55c5', '8fc2f5b0-7f79-4205-a0e8-a2aef6d4c67d', 'Lillydale Onion', 27, '2023-10-03', '2023-10-13'),
                                                                                   ('c5c750bb-b2db-4d04-86c9-f4df979dac93', 'f0e000c1-3ee7-4693-92ac-4a005fbd4b18', 'Stemless Dwarf-cudweed', 29, '2024-05-18', '2023-12-23'),
                                                                                   ('4702f677-5eba-4654-8abc-4364da405a01', '237cfdb9-61e7-491f-b358-1d8eee6fcddc', 'Jelly Lichen', 35, '2023-08-06', '2024-03-23'),
                                                                                   ('2d46f989-45e2-4693-a1bd-8cb229e0468d', 'a7e5d0e4-a129-45d0-90d4-d086dc78ae9b', 'Soot Lichen', 57, '2023-11-04', '2023-08-14'),
                                                                                   ('24f0ae7e-bac3-451a-9277-e642031d6927', 'b955c89d-ad1e-4513-b82e-b9958b433b2c', 'Bastard Copperleaf', 26, '2024-06-05', '2024-03-07'),
                                                                                   ('01cc3668-27bd-4cc5-86b8-0164d0cb216f', 'faab5ce2-3dfe-4e8b-a051-bab98531638b', 'Campylopus Moss', 5, '2023-09-12', '2024-04-17'),
                                                                                   ('3be6d828-6147-4a30-a330-2d5898a35917', '87f17a7a-1ca9-4df9-834a-9a764da0a452', 'Lapland Poppy', 46, '2023-09-10', '2023-06-19'),
                                                                                   ('2f415179-45dd-485d-bdb7-58c2ec57bf91', '71a208d7-9bd9-4080-9f78-7db4704b4bf7', 'Early Buttercup', 43, '2023-12-30', '2023-09-20'),
                                                                                   ('897b3d98-42dc-40eb-a174-6b126475f72e', 'ae5612c0-ecbf-4633-bd9c-df37f41a716e', 'Bush Monkeyflower', 22, '2023-12-09', '2023-07-19'),
                                                                                   ('5f80acf0-2d73-441f-b1cb-c637801c94b3', 'df489560-eb6e-4bcc-9958-179dfbd37005', 'Russian Leafy Spurge', 69, '2024-01-02', '2024-06-11'),
                                                                                   ('3f4f5717-e96d-4629-873d-36f4a66d716f', '0799caca-2fc1-401f-9da3-e9357c96cf69', 'Sandloving Monkeyflower', 59, '2023-08-07', '2023-07-22'),
                                                                                   ('9dd070a6-c4fe-423e-b9d8-278b6d700666', 'bb9f30d9-795d-40bd-936f-cd5342cd6880', 'Sweetsultan', 79, '2023-11-17', '2024-04-30'),
                                                                                   ('5a987ca0-15eb-436d-881a-91a218f0dd0a', 'aa65450a-168f-4c92-a552-5fde558fde95', 'Frankton''s Saltbush', 77, '2024-04-18', '2023-12-27'),
                                                                                   ('cfa84a44-70cf-4c18-ac97-9cf1bd1b5ecc', '008e8b6b-dc5d-4347-a750-e5c6b62e5643', 'Kauai Cyanea', 59, '2024-04-29', '2023-08-28'),
                                                                                   ('9b24d478-8f0f-463e-8831-d446e80c8a24', '6bda3db4-c65c-4cdb-a5b3-1c306dd4854a', 'Molokai False Lobelia', 95, '2023-10-12', '2023-10-18'),
                                                                                   ('8c0736d3-d50c-4674-a621-4428d0839c64', 'c1e0cc6b-f464-4dd8-9e8e-a637464dad92', 'Macmillan''s Fontinalis Moss', 17, '2024-01-26', '2024-01-09'),
                                                                                   ('e871cd1d-6d21-4f1e-8f0b-6efd903a5e67', '469284e5-8bae-4a25-9e2d-c804abeef89d', 'Tiburon Jewelflower', 44, '2023-08-20', '2024-01-29'),
                                                                                   ('418d88e2-8eea-4e58-888c-f9f699657429', '301d263a-1903-4e20-94be-c2a2a5823aa5', 'Entireleaved Thelypody', 56, '2024-03-08', '2023-06-20'),
                                                                                   ('89a86067-ce3a-4a26-97e6-24ba9747651a', 'b35eec7f-7052-406e-b250-9247f5be25a7', 'Mexican Avocado', 28, '2023-09-21', '2023-12-23'),
                                                                                   ('069e4cd7-845f-4fed-a2b4-9d9408d1604d', 'd4f929c5-9c9f-4d02-838c-2b85fc444577', 'California Wax Myrtle', 56, '2023-09-16', '2024-04-02'),
                                                                                   ('86dc92f8-d43f-42ed-829a-f2b124bfdc90', 'cc035cfe-759b-4f07-9f4e-7c948fb55bc3', 'Blue Wildrye', 57, '2023-12-10', '2023-09-12'),
                                                                                   ('cc8ccb88-85d6-4ff3-8495-9c18e36dd129', '44ca2de6-4d3c-4b95-ba84-f64421826518', 'Rainbow Iris', 22, '2023-09-19', '2023-10-29'),
                                                                                   ('e761b3b9-f4be-48a0-a625-315028a1a4f9', '89076b8c-2260-4998-9c87-f31f50246835', 'Tulip Pricklypear', 25, '2023-06-23', '2024-01-01'),
                                                                                   ('1a0c2c60-247b-4ebe-b55e-8bdf5cec02fd', '534db036-1ac6-4483-a6ed-e67ef261b150', 'Virginia Sweetspire', 14, '2023-08-01', '2023-10-30'),
                                                                                   ('29804a2e-cd81-41af-8690-c9c909e01268', 'be6e6c43-6957-4ba0-8189-7f0c26832e4d', 'Rollins'' Twinpod', 84, '2023-07-09', '2023-07-26'),
                                                                                   ('b9331c2b-7f53-4fde-8409-9ffde87d6315', 'b93f466d-b19d-43d0-a533-a07b1cdda532', 'Lily', 63, '2023-12-13', '2023-08-19'),
                                                                                   ('abe42b5a-edd3-4aab-9300-7139af442a15', '940b9540-12d8-4cc2-b003-356ba5aaf5ff', 'Godfrey''s Thoroughwort', 41, '2023-12-21', '2023-09-21'),
                                                                                   ('d1feff9f-564e-4cd5-b6d9-0f6740c615f1', 'e1143cf0-b0b4-4a19-b5c2-97e574ab707c', 'Dot Lichen', 53, '2023-10-03', '2024-02-07'),
                                                                                   ('e6d3a1c6-71f3-49f5-92cf-1955484b5c8d', 'e0057852-f150-46c7-be55-83d2b0d61641', 'Adonis Blazingstar', 20, '2023-10-03', '2024-01-21'),
                                                                                   ('de95b778-cf5e-45c6-9b68-5fcf42de03bb', '35d024cb-e933-4241-82bb-2d005fa86024', 'Little Mountain Bluegrass', 36, '2023-11-12', '2023-09-30'),
                                                                                   ('0dcbabff-c467-4379-9315-c0275f023563', '5dc32d8e-390e-4652-990f-e8ad472417e8', 'Ovate Marsh Fern', 45, '2024-04-20', '2023-10-31'),
                                                                                   ('177da1a9-5797-46fb-b993-8fcefcb2ef7b', 'd68f3ecc-f871-4811-bc57-a8c33885a45b', 'Smooth Yellow False Foxglove', 78, '2023-12-20', '2023-11-19'),
                                                                                   ('0d396d36-eb7f-434c-a095-6d353b714921', '6c68d8b4-5324-4de9-aec2-09a219df0af8', 'Santa Rita Mountain Draba', 72, '2023-11-06', '2023-08-11'),
                                                                                   ('acfef9a0-c5a8-4a83-be41-819cc5eba798', 'a6899992-85ad-4686-b466-7a9527cff439', 'Mock Goldenweed', 84, '2024-01-15', '2024-01-12'),
                                                                                   ('bad042d6-0622-491a-af3e-4885b2ad75df', 'c6fa9cce-1850-4ac7-b5a9-9ca2ab43fafc', 'California Suncup', 65, '2024-01-28', '2023-12-15'),
                                                                                   ('df065cd5-496f-4a5f-a870-c933a48c6789', '294f0fe7-ff45-474e-88c4-6532b9b6fa4f', 'Smallawned Sedge', 40, '2023-10-28', '2024-05-29'),
                                                                                   ('7e27010b-bf72-4200-9398-bf445dccff6f', '4360bd0e-fa82-4421-9dfd-5e2b0e7e640a', 'Mountain Doll''s Daisy', 64, '2023-12-26', '2023-12-24'),
                                                                                   ('88771f21-cb61-4f24-a5d3-9ae7628b260c', 'e537cb8b-22fa-4599-9253-7b4ed9cbdca7', 'Oahu Kihifern', 10, '2024-01-03', '2024-01-16'),
                                                                                   ('731afbb1-86af-472a-a834-e04cbb0e800c', '613b351d-81ae-4f5e-b485-270d54bcd223', 'Cumberland False Rosemary', 51, '2024-05-20', '2024-04-18'),
                                                                                   ('79cd509f-c924-4b98-ab8e-49a048ecee94', '24b76c03-07ba-479c-aa85-46f962fd8a26', 'Nightflowering Silene', 32, '2024-05-14', '2023-10-19'),
                                                                                   ('c32c1dcc-2197-4904-8fb6-f0a7a4d58f02', 'f7af15dc-17fb-4cd7-b67b-4f886c08a494', 'Neurolaena', 92, '2023-12-30', '2024-04-20'),
                                                                                   ('018251a2-e9f9-46c1-9206-af0b62956195', '92c75395-6d88-42c6-9cc6-7ec85ed2c657', 'Bogrush', 99, '2023-11-25', '2024-02-24'),
                                                                                   ('c139ec73-276d-4e07-b644-b6b95e0900f7', 'af42310b-543f-45d4-bd36-75fbe337511d', 'Common Sandweed', 62, '2024-02-09', '2023-10-04'),
                                                                                   ('5d79b703-1711-4feb-8381-c72b6ad60682', '40756648-ac2e-4918-86bc-89e1e384e105', 'Orange Lichen', 100, '2024-02-21', '2024-01-20'),
                                                                                   ('bce7e5c1-2503-40e4-bd96-5c9d585d3699', '27e53a65-28d5-425d-999e-72233d556f69', 'Flat-top Broomrape', 63, '2023-11-25', '2023-09-20'),
                                                                                   ('1f3ccd32-95c9-48b3-b3ed-747c89209e1b', '1bb3afb2-536a-4511-ad36-bf5fa360ad41', 'Roezl''s Penstemon', 2, '2024-02-02', '2023-10-24'),
                                                                                   ('57d0daff-8509-453d-87c0-fa05770f7b6e', '77b5f953-9e81-44d0-a927-5e23acd999f3', 'Ridged Goosefoot', 27, '2024-01-22', '2024-06-04'),
                                                                                   ('d5138e1d-fc52-4ce8-8e3a-b78793641b7e', '9c1c918e-774d-40d5-805e-b17b50b9b8ae', 'Mojave Beardtongue', 41, '2024-01-24', '2023-12-12'),
                                                                                   ('c4ed38a4-27df-4f57-8165-571348231e6e', '383692a3-0826-4e52-a690-2fe97072df45', 'Welsh Mudwort', 8, '2023-09-15', '2023-11-17'),
                                                                                   ('d6e470cb-c4f3-4791-919d-00f2da7ea1d0', '223cbadb-24cb-44c0-9bda-0956490369dd', 'Dactylospora Lichen', 5, '2023-07-21', '2023-07-12'),
                                                                                   ('440f7381-c962-48a3-b404-720bd91c7d72', 'c2db2caf-4028-492e-9b0c-2c36cb629636', 'Polkadots', 57, '2024-04-09', '2023-06-21'),
                                                                                   ('e605d5a1-b352-4026-beef-5f58aab433ab', '47d5fafe-c8bd-4632-8396-98db056b9782', 'Bill Williams Mountain Giant Hyssop', 45, '2023-11-25', '2024-05-11'),
                                                                                   ('2ef72fd1-aa5d-466e-88a9-86c17d8fdb50', 'ac4f0cfd-90e4-47bd-a9eb-7554e60437fd', 'Parlin''s Dewberry', 76, '2023-08-05', '2024-01-07'),
                                                                                   ('e787ecaa-6948-4d60-967b-89324acd29c4', 'c323fc36-e621-41aa-91b9-54630820af3f', 'Asian White Birch', 51, '2023-11-12', '2024-04-28'),
                                                                                   ('95053b34-4ed4-4e23-9c30-1a4f00cfe6c3', '221537a7-ff8b-4f67-96e1-4461143abba8', 'Felt Lichen', 58, '2024-01-01', '2024-05-29'),
                                                                                   ('673a80f5-6aa3-45dc-828d-a025447ebab4', '92a78be6-eb55-42e6-ba4a-1821a1bfd0f4', 'Tununk Saltbush', 39, '2023-11-18', '2024-03-09'),
                                                                                   ('94ee9e2c-7ee9-43f3-9d56-1c228454bd85', '2dc6f748-242a-4350-9248-9f27d0924aa0', 'Florida Water Aster', 99, '2024-01-01', '2024-05-07'),
                                                                                   ('1518c172-a461-4af9-a0ff-cbd36a9c2c3d', '3729f46d-8e2d-466a-ba7e-dc3b9d0f6ac6', 'Mountain Pepperweed', 8, '2024-02-01', '2023-10-18'),
                                                                                   ('a9681d71-657b-4403-8991-074cdb8629ef', '8c0c859e-6d62-4476-bc0c-e143b4cf01e6', 'Anoda', 8, '2023-11-10', '2023-07-10'),
                                                                                   ('e7cf81ba-a1bd-49a4-bc74-c908b274a46a', '3fbecd40-240d-43e7-83f5-04e96e13bd89', 'Wilf''s Sphagnum', 22, '2024-02-11', '2023-12-21'),
                                                                                   ('64d81480-9b9c-4690-923c-fe6a58fc2e14', '7ae1d0db-b37e-40a1-a1b7-e246ad7e1808', 'Approximate Orange Lichen', 7, '2023-06-12', '2024-05-30'),
                                                                                   ('0d2e0d51-325e-4e5f-a367-a1503c90b7e9', 'd77f4b63-f4fa-4ae0-b3f7-5efd4bedd83c', 'Peltula Lichen', 75, '2023-07-11', '2024-05-30'),
                                                                                   ('ecfadc81-1788-4263-b6b1-6f94f1aed788', '3c3959fe-f80d-4534-a141-b98c664aa084', 'Narrowleaf Silkgrass', 76, '2024-03-12', '2024-02-21'),
                                                                                   ('c3ac1c2a-8fb8-4581-8f95-65af7e17b310', 'c6da0098-0455-44bf-bbf6-4e72f6fec5db', 'Seaside Alder', 10, '2024-04-16', '2024-04-03'),
                                                                                   ('e48fa9fc-75c9-4b41-b3bd-35f150f18fc6', 'bc1f2a5d-cfd1-4ab1-be7a-3f65acd3fe64', 'Estrella De Mar', 44, '2024-03-30', '2023-11-06'),
                                                                                   ('f7455559-93cd-483f-915d-4e55a5320460', '3469877d-8491-4562-a8c2-98086ed950be', 'Rubber Rabbitbrush', 8, '2023-10-28', '2023-10-20'),
                                                                                   ('a87d0b9c-4b7a-4386-8a40-9f019507fa7b', 'c6f2df6a-3e4c-498e-986e-c77c33054247', 'Metcalfe''s Beardtongue', 77, '2023-10-03', '2023-09-08'),
                                                                                   ('150fc6c5-c662-4a15-91cd-5a23420309da', 'a1386c39-3e4f-40f2-aa40-aae5b25621c0', 'Coulter''s Horseweed', 32, '2023-11-12', '2024-01-15'),
                                                                                   ('c5d375f2-eaca-4724-9850-a0d1c9a9683c', 'b05e72a6-d4ab-4ee8-8718-6b1ead18da57', 'California Live Oak', 37, '2023-09-10', '2023-10-13'),
                                                                                   ('018f1088-e156-45a7-a8ad-89041f5d0267', '1e82cc0b-9cde-456e-962a-e1c857887619', 'American Alpine Speedwell', 81, '2023-08-25', '2023-12-23'),
                                                                                   ('9b9bd814-9e69-4110-97c6-fa32f1b71d29', '838b83e8-1e46-41d9-a689-2d4cc4a550ff', 'Disc Lichen', 40, '2024-02-09', '2024-04-13'),
                                                                                   ('b93643af-ebd7-4a5a-841e-ea6d255ee80a', 'c046db70-dfed-46bf-a891-ae5ac9598126', 'Cinchona', 23, '2023-11-01', '2023-08-08'),
                                                                                   ('210893dd-b37f-47d5-b80d-589648f0056a', '581f5379-d913-4061-870f-e3839d583c42', 'Hartweg''s Fleabane', 67, '2023-09-12', '2024-04-16'),
                                                                                   ('761c32a0-678a-46dc-902c-22a99aeb31fe', 'f85a2a00-5a0e-4f9b-9a64-6023a399a879', 'Orcutt''s Threeawn', 1, '2023-11-17', '2023-06-20'),
                                                                                   ('be782770-ae32-4298-95e5-3424e62d43fb', '5f10d914-f54d-4679-a186-33f23d302947', 'Palo De Cana', 44, '2024-01-07', '2024-06-04'),
                                                                                   ('a94714c3-ee6e-4a22-8c4f-dff0912d8dd6', 'e5373004-e4a9-47b8-bada-03ef99e1c937', 'Star Of Bethlehem', 28, '2023-10-20', '2023-10-07'),
                                                                                   ('b78fff60-9ce7-43dd-9841-9f853d8991d7', 'da3b6781-d03a-459a-bd96-9c28805a1270', 'Drummond''s Yelloweyed Grass', 28, '2023-06-30', '2024-05-04'),
                                                                                   ('5ef6fd6c-99a5-4fc8-8398-8b4a5c57d852', 'a1fe34c1-5750-4e4b-9749-159672e0146b', 'Carolina Water Horehound', 94, '2024-05-12', '2024-03-11'),
                                                                                   ('9b7c9ea1-e283-4cb6-b99d-0adba421aaaf', 'e3a39656-c9a4-4e1a-9ff4-55a77069fd61', 'Santa Inez Goldenbanner', 12, '2023-08-08', '2023-12-31'),
                                                                                   ('27e9e7b9-79a1-419d-b830-dbc8a9f84084', '4ae63b22-e430-45ef-8f11-bc4a46838571', 'Longleaf Spiderwort', 99, '2023-09-13', '2023-11-21'),
                                                                                   ('00831aea-b0f1-4e50-bfc7-597fba42a2e5', 'f73674e9-b5f7-4d1b-bf40-cc17e3099a7b', 'Beard Lichen', 27, '2024-02-17', '2024-02-14'),
                                                                                   ('67f6fb59-2a76-430c-abd2-c547a873f0e7', '7fdcaa61-d5f1-47f7-bc22-c881d88def6d', 'Anisescented Goldenrod', 11, '2023-12-07', '2024-03-19'),
                                                                                   ('075b12d2-8c22-4df8-aae0-4ce73a78dff1', 'febb86e9-cfce-40bd-9a63-34e78d7068be', 'Champlain Beachgrass', 68, '2023-10-14', '2024-02-09'),
                                                                                   ('1634b39d-000e-4eb7-884b-9b1c6bea1062', '0f4bc91a-176c-40d6-ba7b-c4673408fad1', 'Large Indian Breadroot', 23, '2023-08-10', '2024-01-11'),
                                                                                   ('b6ec6e9a-ad6c-4e9b-ab47-e41af468d94f', '2495afb7-24c0-4285-9f75-4c77defba2a8', 'Levisticum', 29, '2023-11-07', '2024-03-21'),
                                                                                   ('5ab25700-3ec6-48fb-960a-931bb80a7655', 'd060a629-e21d-4495-8797-82d0a3ce7d87', 'Waxy Mannagrass', 68, '2024-05-21', '2023-10-14'),
                                                                                   ('34d68a5b-9fd0-4989-a10c-0b8097c2ad96', '1444884a-14e9-47e6-9b27-2e270609a639', 'Blueberry', 87, '2024-03-21', '2024-03-30'),
                                                                                   ('cdf63f75-ffa3-4d44-85df-74e7cfbb4860', '11100ef2-7631-46d8-9ce5-86c29f196ead', 'Pseuderanthemum', 26, '2023-11-17', '2024-03-29'),
                                                                                   ('2d0bc666-534a-476b-b10f-67e7e6a58af1', '088a36c9-1de1-463e-bdcb-eacc83aa44b3', 'False Junco', 78, '2024-01-30', '2023-11-06'),
                                                                                   ('86cd0ad5-6227-4448-9983-a911c3a31514', '5ef680f5-e181-4f63-a944-ddc026a67829', 'Slender Saltbush', 40, '2023-11-08', '2024-05-20'),
                                                                                   ('df014969-7152-47e1-b770-7bf0c0fe9899', '35d2d3ae-9eff-461e-a142-90be4de7002d', 'Truckee Lecidea Lichen', 54, '2024-03-27', '2024-01-03'),
                                                                                   ('df09c8ca-b4a0-4b95-b2fc-3e982daf17ff', '1e8bd720-915b-4a6f-b865-77bae2bf061d', 'Showy Gilia', 51, '2024-03-10', '2023-08-03'),
                                                                                   ('71a629d3-6459-47a8-8355-f923569df048', '518b1de0-0295-44b3-851f-d32daf19b158', 'Entodon Moss', 33, '2023-12-24', '2023-07-22'),
                                                                                   ('a328c45c-7e15-4075-934f-b65f746b6827', 'c5efa6d0-c7ed-4894-939c-49c3e803d816', 'Soft Greeneyes', 1, '2024-04-07', '2023-10-02'),
                                                                                   ('a2db6134-24c3-4369-8265-85d7d7a3fcd8', '6182a8d6-94d2-4d32-a7c9-13b4b1abd768', 'Hairy Fimbry', 45, '2023-09-01', '2024-03-13'),
                                                                                   ('c711913c-e824-482f-941f-187bbb8bae57', '7b495499-3e02-433e-afcd-0fcf2be483eb', 'Rinodina Lichen', 29, '2024-06-01', '2023-11-06'),
                                                                                   ('5cfcef04-ee38-44ca-a2d8-9389fb7adec2', '346e7526-c9a0-414f-b601-8581f8513c36', 'Yosemite Buckthorn', 33, '2023-07-10', '2023-11-13'),
                                                                                   ('e71cb8da-cd51-48e6-9d16-51f46047dbca', 'c0c8e0fa-3e58-40f3-90bd-464558eac8e2', 'Largeleaf Rose Gentian', 63, '2023-11-14', '2024-05-25'),
                                                                                   ('dc091626-0e2b-4f25-9ace-17eb9fa34b8b', '5dff47e3-a527-45b1-9e3f-0deed8269f23', 'Longbeak Rattlebox', 37, '2023-08-08', '2023-09-18'),
                                                                                   ('c6f59dcb-bad6-47bc-ae7d-b403c0ed6ba6', '9eb12159-c371-4764-9d15-1b46b734a772', 'Northern Spiderlily', 56, '2023-10-01', '2023-12-10'),
                                                                                   ('f995c4be-f430-4080-87c7-06b923d9dbab', '8a5452f3-48d1-403b-8eb5-a1a5d219074b', 'Catillaria Lichen', 7, '2023-10-21', '2023-09-03'),
                                                                                   ('e53e0d36-57d1-488a-b8d6-abcea2e8ec05', 'ec776aa7-79a6-4402-a333-243ef10821ae', 'White-flower Johnnyberry', 76, '2023-12-19', '2023-09-18'),
                                                                                   ('35547b89-44ae-4c4f-aaba-47de26611662', 'cd2c15b6-68a4-4945-8031-cdb47da7476c', 'Yukon Indian Paintbrush', 80, '2023-10-31', '2024-05-05'),
                                                                                   ('b06e7f45-04bc-4bea-bb78-16a46d2aa4da', '89bc43ba-ba71-41a8-875a-2618ce495ee3', 'Fernleaf Phacelia', 26, '2023-12-24', '2023-06-15'),
                                                                                   ('67d542f8-4206-4d60-92df-07f951c3b417', 'f8b85711-148c-448d-b26d-09d49225e294', 'Rose Monkswort', 36, '2023-08-10', '2023-10-15'),
                                                                                   ('b403c758-ac7f-4d79-99b2-a3b994861bbe', '2b0946a9-bae5-481d-b0bb-6e6208631a9b', 'Leiberg''s Clover', 43, '2024-03-25', '2023-08-11'),
                                                                                   ('8ff8f1bf-0645-41e8-adf6-7bbc8c9258f7', 'd2b24a16-c925-4524-b597-938af32402f7', 'Sweetflag', 58, '2023-11-01', '2023-07-21'),
                                                                                   ('efb5dba5-c9fa-405a-8dbf-bf6883842d34', '3f15429c-b1b8-4833-b06f-819fe63e45da', 'Giant Swordfern', 76, '2023-12-17', '2023-09-02'),
                                                                                   ('febfae66-1309-4260-9c23-0a9eeef77a4a', 'cd4bd9c5-855b-400e-964a-5f7c6898c04f', 'Mealy Goosefoot', 12, '2023-11-26', '2023-08-31'),
                                                                                   ('1040ad2e-c08e-41b3-92c9-7fff3b3e95ea', 'fc97bba0-9251-4a59-b277-330da2cd27d1', 'Grand Devil''s-claws', 30, '2023-11-26', '2024-04-10'),
                                                                                   ('fc54bbd4-28ad-4f15-889e-5dd5178f1eab', '70cf5e4d-eec9-4c89-861d-c5f76dfe72ac', 'Parry Manzanita', 82, '2023-09-15', '2023-09-10'),
                                                                                   ('70ec9c27-6c3e-499c-b488-396008d3fd24', 'b552afe2-e9f9-43c5-8ef8-e64047dff270', 'Ha''i Wale', 24, '2023-12-14', '2024-02-27'),
                                                                                   ('b239abb0-adcc-4715-a26f-2e50a11c3970', '256e8ca5-b8ff-4fd1-8b22-07530dd302a3', 'Netted Globecherry', 22, '2023-12-22', '2023-11-06'),
                                                                                   ('652ad8af-b3e2-4f2a-9206-61862a5d2aae', '8636e39c-7ac1-4bc5-93a6-5232404a4917', 'Garden Rhubarb', 100, '2023-08-06', '2024-02-01'),
                                                                                   ('4c65c933-94be-41d4-ac7a-09c5470bdaff', '667c5890-8927-443f-9811-8cd24b862e48', 'Green False Hellebore', 46, '2024-03-20', '2023-08-31'),
                                                                                   ('4aa5f29a-38ad-4c6a-a981-721c36396fa3', '4765fac7-d91d-4da9-a572-efe0c01049f6', 'Russian Bugseed', 80, '2023-10-25', '2024-04-08'),
                                                                                   ('245bc210-7418-4f25-be66-c76a2b5f7622', 'c824459b-0c11-4b02-b1be-51b3343dce7b', 'Inland Rush', 35, '2023-12-18', '2023-07-15'),
                                                                                   ('54a12d08-10cf-4e53-b62b-236649fd9422', '9ed216f4-a176-4593-addc-9102b05f04b3', 'California Evening Primrose', 21, '2024-04-29', '2024-01-28'),
                                                                                   ('71b0e620-aeea-4298-bdf2-427b6f476552', '8e9b30c4-8a57-422f-9645-5afb5585d994', 'Oblong Bluecurls', 49, '2024-02-13', '2024-03-14'),
                                                                                   ('f8c97c41-c328-4c44-be76-89e5a023bd06', 'c0a8fe70-61a8-43e8-ba9f-e691443ea3d8', 'Cooper''s Popcornflower', 87, '2023-10-09', '2024-04-01'),
                                                                                   ('2253916e-185b-4614-95c8-4ccb0cc7a465', 'f37ee2c5-1aa0-490b-b91d-15f7887b1ef5', 'Brown Beaksedge', 43, '2024-03-08', '2024-01-21'),
                                                                                   ('dd2ba731-341e-4ef0-b5fd-3347152628e3', '1a019cbb-1a23-43db-8757-a247f42e2720', 'Dense Blazing Star', 18, '2024-03-22', '2024-01-24'),
                                                                                   ('038b52a6-7136-4e58-b466-1730b8cb1d33', '3ccf6be8-be74-42d7-b481-4f3d6d595ed0', 'Trans-pecos False Mountainparsley', 74, '2024-01-22', '2024-01-03'),
                                                                                   ('d530f765-9734-4dd2-81bf-af52788ab75e', '1c0251bb-3663-4f4b-8178-b8a351b0734c', 'Vesuvius Snow Lichen', 74, '2024-01-14', '2023-10-05'),
                                                                                   ('bbbe9b57-99fa-403f-ad86-36565dee0dbf', 'fdafab7c-f9ed-4371-8462-448521ec33cd', 'Meadow Pea', 3, '2024-02-26', '2023-07-06'),
                                                                                   ('6adc1824-affc-4480-8ae3-b3b2a0ac6732', '81e5508f-01f7-4d72-86a9-72fa0829d3fc', 'Hairy Dozedaisy', 16, '2023-11-08', '2024-01-26'),
                                                                                   ('398f7574-927d-4f44-b477-374a4a3ec9a4', '795e5e4c-f9ff-4601-a848-1061d8554671', 'Foothill Jepsonia', 38, '2023-09-15', '2024-03-22'),
                                                                                   ('26b97fa0-2b33-4d7c-8f76-a254b73f8baa', '9a877383-345b-4ffd-8e23-b4894e353ebf', 'Golden Gladecress', 20, '2024-05-02', '2024-04-09'),
                                                                                   ('987ed023-00b7-4843-bdd3-2cef156bfb0a', '19533eeb-5bee-4c21-ab61-a200283a4194', 'Cottongrass', 35, '2023-12-26', '2023-11-11'),
                                                                                   ('0a89f318-6b93-43ef-8642-31d8e59449cb', 'd12d5889-311b-4b6a-9123-a11992c2ebf7', 'Davis'' Hedgehog Cactus', 86, '2024-02-18', '2023-07-17'),
                                                                                   ('145d6448-0a8b-45a2-a558-e92ff275c403', '2408bb75-ad0f-4952-8ab6-369255eea419', 'Homalium', 13, '2024-02-20', '2023-08-11'),
                                                                                   ('16bee401-d5ee-47ee-b74f-2cc98de3bfba', '7b27333a-e571-491d-9cdf-03f407b7c5d5', 'Bridalveil', 83, '2023-08-09', '2023-10-24'),
                                                                                   ('2390b578-2006-40ec-8355-34fcfff6d5a6', '315d876b-2b4f-458c-ad75-c22e53f0ba0a', 'Pipewort', 60, '2024-01-03', '2023-06-21'),
                                                                                   ('7df5fcea-489e-4e39-9698-4856c5a487ae', '73a0c966-1e07-4d4f-9825-4314f7df69a3', 'Goatnut', 62, '2024-04-12', '2023-09-07'),
                                                                                   ('f5cd343a-724b-4d36-be6a-860b50b53278', 'f15df516-2a65-41df-9a67-8e491ec5dd04', 'Black Mullein', 33, '2024-02-15', '2024-05-06'),
                                                                                   ('e1b58bb1-0ae1-4150-b832-203d43094569', '54299b54-ccde-4d6c-8147-147216b169e7', 'White Blue Eyed Mary', 82, '2023-07-04', '2024-01-14'),
                                                                                   ('17a6439b-0bd0-45d2-a19e-95e6fa71c776', '1c542c52-d7f0-41d1-8fc8-8e0f5501cd9a', 'Thoroughwort', 67, '2024-01-06', '2023-11-15'),
                                                                                   ('a6199dea-8968-46f7-a982-7db73d3a86f1', '42c3efe0-6f69-45fb-ac35-2ba9c66716f8', 'Styrax', 44, '2024-05-26', '2024-04-06'),
                                                                                   ('03bd105a-8faf-4a54-be25-41b52cd01819', '175ac1ce-5069-4b2e-8639-e8719128f71a', 'Lecidea Lichen', 1, '2023-06-14', '2023-10-19'),
                                                                                   ('a21a21c0-3cc6-4871-b3d9-98b4ead60356', 'dc26f8df-1c70-47bf-aff5-f2a5710fe67f', 'Oblongleaf Stonecrop', 18, '2024-06-03', '2023-07-15'),
                                                                                   ('0aad8895-76d0-4321-91fa-8565318b377b', 'c12d0a7d-4d42-4d77-bea2-f013de49058f', 'Chinese Tallow', 83, '2024-04-14', '2024-04-10'),
                                                                                   ('86ad68f8-6954-4fd6-9668-a0fa0df622de', 'e281ce6b-6183-4814-90e0-0fe80832df06', 'Narrowleaf Plantain', 19, '2024-02-08', '2024-05-17'),
                                                                                   ('d388e4b5-fcd6-4d0e-959f-e5742e09fb2b', '1c638adc-126e-4529-bd83-675340cdf1f8', 'Devil''s-pepper', 23, '2023-06-17', '2023-09-25'),
                                                                                   ('49f5ed0e-224a-4d38-88e5-99f9908e8fb7', '690e2141-41d8-4e13-a858-42f808796243', 'Green Orchid', 57, '2024-01-06', '2024-03-29'),
                                                                                   ('63cd19e1-33bb-4a46-b390-ad466a630562', 'b5bd9462-2501-4381-95af-dc954955f8a3', 'Helleborine', 91, '2024-03-11', '2023-11-13'),
                                                                                   ('482d2499-ab46-4ea2-b624-443d0fe18fed', '39be2380-788d-4fb7-b7b4-99335636cdeb', 'Mother Lode Yampah', 88, '2023-07-29', '2023-08-31'),
                                                                                   ('5d77ad06-6a08-4e70-a1b9-0987061a1e6c', '55b269c7-e552-455a-95aa-78d5d9667b71', 'Glandular Senna', 62, '2024-02-01', '2024-01-14'),
                                                                                   ('b858ca97-ba0e-46bb-ba34-031b74a9a504', 'a8c43edc-136f-4657-bc06-fd32343867a0', 'American Burnweed', 9, '2024-02-20', '2024-04-25'),
                                                                                   ('2a17514a-3468-4f5b-a16e-33957def2d1b', '68fcafb0-3516-4de7-be28-b9c7238085ab', 'Seaside Alder', 60, '2024-01-31', '2023-10-10'),
                                                                                   ('2828a405-cf12-4f12-87f4-84958c4d3123', '7a0aa27f-e18a-4195-9bc8-8834dbdf283f', 'Grapeleaf Begonia', 21, '2023-12-19', '2024-03-03'),
                                                                                   ('5b338469-37f0-4a93-940d-768ada0ba68d', '988ffa82-5a77-4656-9119-4985f11cafa6', 'Map Lichen', 18, '2023-07-27', '2023-07-11'),
                                                                                   ('bfc8781c-bf9f-4eae-acc6-0a6c63b2aa27', 'e934aeba-8f8c-4723-ae36-553c854ac3b0', 'Dot Lichen', 65, '2023-06-28', '2024-05-26'),
                                                                                   ('50b60801-6de2-40a3-8113-1c99f64237c6', 'c423a92a-3b1c-42c6-8bb6-39a7c4687886', 'Nine Mile Canyon Phacelia', 10, '2023-10-16', '2024-05-09'),
                                                                                   ('79bd969a-766f-43d7-85e0-11d24ea975fb', '828410b5-c71b-429d-8f83-ccf5ef75a353', 'Lead Lichen', 93, '2024-02-01', '2023-06-13'),
                                                                                   ('0c14f590-d464-404a-bb19-08f505a01b84', 'b85b155f-9eae-4f04-ad43-51258b7b9edb', 'Ribbed Bonnet Orchid', 29, '2024-01-09', '2024-01-06'),
                                                                                   ('55af083d-090e-4788-96b4-b5fe20483e21', '13f8cbe4-9001-426e-b8e4-9fe02c82fd93', 'Southern Blue Monkshood', 38, '2024-04-06', '2023-11-06'),
                                                                                   ('21d8f653-2dca-49f7-b6bc-c5d3a1c1f1af', 'd31eebd9-9920-48ca-adbc-263abe8e7582', 'Big Map Lichen', 41, '2024-03-15', '2024-02-12'),
                                                                                   ('cf0ba7c2-e1c7-4e9c-82c7-a27bfefe98e3', 'b0556d49-e6fe-4acc-9c86-c4ea050351ba', 'Script Lichen', 68, '2024-05-26', '2023-11-22'),
                                                                                   ('7f1bc064-5a65-41ea-814f-bf30a076b48f', '1b040544-ea70-4114-8f57-dea25db29eec', 'Leiberg''s Fleabane', 12, '2023-10-04', '2024-01-10'),
                                                                                   ('fa95079d-c80b-4be2-addc-0a79548e940d', '094acfd5-9ce5-43ec-b251-fdf92a8aa05b', 'False Carrot', 20, '2024-02-14', '2024-05-17'),
                                                                                   ('8b6b03bc-5911-41ee-81b3-cdd37478f751', 'fd3a4a5d-537e-4cca-91c7-a235e3135c80', 'Fiveangled Dodder', 99, '2023-12-23', '2024-02-12'),
                                                                                   ('59160c3f-dfd4-4d2f-9473-e68d9229da24', '95364eb6-cd0b-4f24-b513-10f18535f2ab', 'Texas Bullnettle', 36, '2023-09-11', '2024-02-17'),
                                                                                   ('8bdf2288-79bd-4518-8b93-e27039b900c2', 'ee953bf2-fc33-45f0-8808-3d8d5ede60c2', 'Arrowweed', 28, '2023-10-27', '2023-12-22'),
                                                                                   ('f5a77724-0966-4b7c-a173-1c24cc90148f', 'dbac7d24-3086-46c4-8913-95d65e869f61', 'Bamboo', 89, '2023-08-23', '2023-10-17'),
                                                                                   ('7f56b9ba-f52e-4fdc-b172-fb8c30356db8', '70ba4cff-bb59-49d1-acd6-f8252acfadbd', 'Arizona Cottontop', 65, '2023-10-03', '2024-03-28'),
                                                                                   ('2faaa0f8-cc90-4632-b17e-9d73678165a5', '9063873f-fb13-4f0a-8720-d2fcc2ef1ab7', 'Stiffleaf False Goldenaster', 76, '2023-12-29', '2024-02-10'),
                                                                                   ('ae836b5c-636b-4f49-a68f-878cc94b19b1', '0bf15fc1-59a9-4703-8e93-17c36a97075f', 'Munz''s Cholla', 71, '2024-05-19', '2023-10-03'),
                                                                                   ('e819f765-3a8b-4462-a46c-ea50bdb9fe98', 'df8aa362-04bb-430a-b6b7-e7a4d6a76130', 'Shaggy Blazing Star', 69, '2024-04-19', '2023-10-25'),
                                                                                   ('1cea859a-e652-4ce0-8e9a-65536ee11efc', 'bff806ca-792e-4936-ae38-18418c73c5b0', 'Konakona', 12, '2023-11-11', '2023-08-19'),
                                                                                   ('2bc4f1dc-0ea3-4ca5-92df-f4d18ca08126', 'dc56b1da-4c59-4d1d-b0cf-88fe70475ccb', 'Fries'' Pondweed', 42, '2023-12-20', '2023-10-06'),
                                                                                   ('c2e2fd74-f839-4cfa-8540-f5e9bfaf57a8', 'da02bc77-68a7-4489-bad0-eb129526bb0c', 'Oregon Western Rosinweed', 31, '2024-01-28', '2023-10-27'),
                                                                                   ('2057225f-9370-4b3b-8b4a-82d83d974042', '8ba7fdc9-4cc2-4321-9387-e535d58f32d9', 'Silkreed', 91, '2024-04-09', '2024-03-17'),
                                                                                   ('ebad364f-e383-46f3-bcc4-10da420e8ac0', '79be0790-3a6b-4851-98e4-405a2064a54c', 'Needle Lichen', 78, '2023-06-16', '2023-08-25'),
                                                                                   ('97a9076f-d752-48cc-b015-653ec2a087db', '8f949abb-d055-4a5e-8b02-ddd8e4e23528', 'Shameplant', 40, '2024-04-08', '2024-04-22'),
                                                                                   ('117bc27d-0bb4-42ef-ac27-e2b2be851b5f', '78957afc-3240-49da-938a-62a1576cbf0f', 'Papery Schiedea', 5, '2024-04-08', '2024-03-14'),
                                                                                   ('9355d24b-be8c-47d6-90e3-a423cbb34ea7', '53819ece-7e2d-453d-846c-53c7e469e198', 'Blueberry', 70, '2024-01-29', '2023-12-22'),
                                                                                   ('9ebdb617-36bc-4d2f-9538-9157cbb2b710', '5a5e5f1d-1608-4dd2-92b6-70e4e3c8c171', 'Yam Bean', 65, '2024-05-06', '2024-05-13'),
                                                                                   ('9da89fbe-e410-4a62-a9a8-32236d70c389', '423351fd-0617-4d28-bba8-06f07ba43b12', 'Prairienymph', 26, '2023-10-13', '2023-08-14'),
                                                                                   ('ecd89958-41a2-4ec6-b41a-11b56bb6ae3e', '9da8065c-1b81-45be-acbe-c4731cc41c1b', 'Asterothyrium Lichen', 93, '2023-09-02', '2024-04-04'),
                                                                                   ('0e14dc56-2d10-4a64-a7de-9d3918d84053', 'c6217d6b-5ffc-498a-a7db-591c84e49c62', 'Mountain Doll''s Daisy', 54, '2024-03-02', '2023-10-31'),
                                                                                   ('aa81390f-f2a0-45c1-8ce2-05126f1b2558', '3335ed7c-0bcc-4086-aca8-9e4a47690a3d', 'Walkingstick Cactus', 27, '2023-10-05', '2024-03-06'),
                                                                                   ('1a4ad492-ee19-4601-bf7d-3c0d72671003', '5a1fd1a3-4f6c-47e1-bc89-7139fab6e61d', 'Bedstraw', 44, '2024-01-30', '2023-08-30'),
                                                                                   ('702349a7-aebf-43bb-abcc-e2cef67fd3e4', 'b49e75e2-4806-4948-bb60-2fb28e74caac', 'Broadleaf Signalgrass', 51, '2024-06-09', '2023-12-03'),
                                                                                   ('c4847e4b-cf37-434a-8677-2d449e33e892', '4b6919e0-397d-4ffa-a7bd-c6c92c45c3ae', 'Hybrid Marram', 90, '2023-12-29', '2024-01-22'),
                                                                                   ('b5f5c616-488a-46da-9e8d-3f5929599212', 'fd5a45bc-5df3-49b5-ac27-8c0f479a478f', 'Highland Rush', 97, '2024-05-04', '2023-07-02'),
                                                                                   ('aea034d3-7627-4923-9f11-10972d23509d', '8c684303-39f9-4a5d-be4e-ff70a7b50fb1', 'Prieur''s Umbrellagrass', 35, '2023-09-21', '2023-06-24'),
                                                                                   ('4b4f6fe7-bd1d-4335-aefa-aebb826cc8f3', '93a7bc22-6e20-4391-81e7-7622ed066652', 'Greenhead Rush', 39, '2024-02-24', '2024-03-01'),
                                                                                   ('d373f21a-217b-4452-9425-c5225ffd3b2a', '0be7e925-0d19-428c-bbcb-e736eb4dd4f8', 'Forked Wormwood', 21, '2024-02-20', '2023-08-27'),
                                                                                   ('e5c436a7-0552-4e4c-8d70-842cf553e1c1', '93f75c5f-6f59-4f4f-88e5-dc2fc3ed4250', 'Hawai''i Rockwort', 49, '2024-03-28', '2023-06-25'),
                                                                                   ('1563ec25-751f-4498-aa1a-35520c332c17', '0c0f0eb2-1fb8-4fa0-9037-f4945b229dd3', 'Buttonbush Flatsedge', 98, '2023-11-12', '2024-03-22'),
                                                                                   ('ad7de939-8f18-48b7-920f-e2a73dea5797', 'f7547c88-f089-4442-94e5-222cae0bea79', 'Longleaf Milkpea', 24, '2024-01-28', '2024-03-15'),
                                                                                   ('81344aca-9369-4c46-b88c-75f841894a98', '2bc135c3-ad1d-4237-b0ec-309024ce7312', 'Beaver Indian Breadroot', 17, '2023-06-24', '2024-04-09'),
                                                                                   ('baf5a23f-40b8-4744-a4fc-58a1319d4dac', 'faabdf2c-fe77-42b4-ba44-594b135f5a30', 'Small Limestone Moss', 31, '2023-10-22', '2023-06-22'),
                                                                                   ('6d89af01-464d-4594-8586-298caef8a050', '1daf769f-9dfe-497d-80b2-f8c01ea7434a', 'Northern Larkspur', 55, '2023-11-02', '2024-01-28'),
                                                                                   ('09cf5733-5faf-4fd8-93b7-2f1f745669d1', '3d31089a-5c3f-47de-a14c-d3dc727048ce', 'Lindenleaf Sage', 13, '2023-08-28', '2023-09-07'),
                                                                                   ('9e2a4671-afb0-4df7-a4bc-7cbf61365f92', 'f7b45773-5c2e-4a26-af67-c524e5a94501', 'Boivin''s Rockcress', 38, '2024-04-10', '2024-03-14'),
                                                                                   ('f37d226a-340e-409a-ab6d-f08c3d04b1e4', '00c7d565-61d5-4c8c-9886-d1a337d657b9', 'Wall Germander', 14, '2023-07-12', '2024-04-21'),
                                                                                   ('d1d925ab-c149-4828-9626-80106079b7f9', 'c554c079-18e3-4c7c-ab1a-341468c39f3f', 'Prairie Sumac', 67, '2024-03-27', '2023-12-24'),
                                                                                   ('33249ae4-b8aa-4fe6-8b8f-0336a3c14452', '32802d36-55d1-4f68-b6da-a5f907eee13e', 'Wart Lichen', 67, '2024-02-20', '2024-04-14'),
                                                                                   ('fb630cfc-3716-4ef3-8e33-64da2b73155a', '8787006b-f377-429a-bbc4-6d1e1e3f7e67', 'California Bedstraw', 45, '2023-11-28', '2024-05-17'),
                                                                                   ('3c9cf8f2-1081-463d-b33d-111bf69d61d8', '8fc2f5b0-7f79-4205-a0e8-a2aef6d4c67d', 'Hybrid Oak', 41, '2024-04-24', '2023-06-28'),
                                                                                   ('84a60138-cc75-4238-8db6-459b0ceb623e', 'f0e000c1-3ee7-4693-92ac-4a005fbd4b18', 'Nettleleaf Giant Hyssop', 7, '2023-12-02', '2024-04-26'),
                                                                                   ('a528e2e5-5fda-4346-a445-0bfd25eebcdd', '237cfdb9-61e7-491f-b358-1d8eee6fcddc', 'African Plume', 53, '2023-07-12', '2024-05-25'),
                                                                                   ('b55b7468-9046-4569-83a0-6a8e18395627', 'a7e5d0e4-a129-45d0-90d4-d086dc78ae9b', 'Sedge', 51, '2023-07-26', '2023-08-09'),
                                                                                   ('9fb73ca9-8dfe-4312-afab-941b94c87945', 'b955c89d-ad1e-4513-b82e-b9958b433b2c', 'Glandular False Calico', 37, '2024-02-01', '2023-10-27'),
                                                                                   ('34db5253-6e00-4d82-9af9-603e6925daee', 'faab5ce2-3dfe-4e8b-a051-bab98531638b', 'Mountain Johnnyberry', 68, '2023-10-08', '2024-03-26'),
                                                                                   ('f7f658e9-6663-49f7-9fd6-cee3abf35a7f', '87f17a7a-1ca9-4df9-834a-9a764da0a452', 'Thelidium Lichen', 64, '2023-10-21', '2024-03-13'),
                                                                                   ('ab2e9e72-da64-4bf6-8fe3-51bf117178d8', '71a208d7-9bd9-4080-9f78-7db4704b4bf7', 'Glandular Phacelia', 6, '2023-11-17', '2023-10-17'),
                                                                                   ('df685655-7f4f-4a2b-9d5d-5093e9347d92', 'ae5612c0-ecbf-4633-bd9c-df37f41a716e', 'Warty Bedstraw', 36, '2024-03-19', '2024-02-13'),
                                                                                   ('4f503bfb-025a-49a8-a786-49d91e1d876b', 'df489560-eb6e-4bcc-9958-179dfbd37005', 'Balloonplant', 17, '2024-01-10', '2024-03-29'),
                                                                                   ('4cf4d306-df7c-44c5-adfa-1d41cc8e24fa', '0799caca-2fc1-401f-9da3-e9357c96cf69', 'Purple Morning-glory', 92, '2023-11-14', '2023-10-23'),
                                                                                   ('ba6d89a9-7449-4a87-aa59-eb609b4152c3', 'bb9f30d9-795d-40bd-936f-cd5342cd6880', 'Heller''s Bird''s-foot Trefoil', 92, '2024-05-18', '2023-09-22'),
                                                                                   ('8fe96ee8-e24c-47dc-8c33-012ccdc10c4c', 'aa65450a-168f-4c92-a552-5fde558fde95', 'Avocado', 43, '2023-10-29', '2023-09-09'),
                                                                                   ('91fbaeee-f696-46e5-b844-79a58838f3de', '008e8b6b-dc5d-4347-a750-e5c6b62e5643', 'Oriental Cetraria Lichen', 5, '2024-03-11', '2024-01-28'),
                                                                                   ('4e802829-6b62-42c1-a72f-357ddc4f57f6', '6bda3db4-c65c-4cdb-a5b3-1c306dd4854a', 'Showy Maiden Fern', 63, '2023-07-11', '2023-08-29'),
                                                                                   ('29aeea0e-c02e-4a4e-af6b-1cb858b86fb8', 'c1e0cc6b-f464-4dd8-9e8e-a637464dad92', 'Aquatic Milkweed', 64, '2023-12-20', '2024-05-15'),
                                                                                   ('4fed0517-8792-4c77-b3f3-b5f96fff2cdd', '469284e5-8bae-4a25-9e2d-c804abeef89d', 'Koko', 52, '2024-05-24', '2023-07-02'),
                                                                                   ('57d16221-832c-47d9-9ff7-7b24d97f6ea3', '301d263a-1903-4e20-94be-c2a2a5823aa5', 'Obtuseleaf Scleropodium Moss', 17, '2023-11-09', '2024-05-19'),
                                                                                   ('067475e6-8223-4502-88c0-8dc061322e6b', 'b35eec7f-7052-406e-b250-9247f5be25a7', 'Cinderslope Dubautia', 74, '2023-07-03', '2023-08-08'),
                                                                                   ('023b0a15-8cb0-4d61-8cc9-3b7cc8a284a8', 'd4f929c5-9c9f-4d02-838c-2b85fc444577', 'Clustered Flatsedge', 40, '2023-11-27', '2023-12-05'),
                                                                                   ('f929c08b-be95-4624-8cf7-00f1ca35d72c', 'cc035cfe-759b-4f07-9f4e-7c948fb55bc3', 'Sticky Oxeye', 21, '2024-03-27', '2024-06-03'),
                                                                                   ('5daf599b-765f-4746-9aa9-f2fe08059b5d', '44ca2de6-4d3c-4b95-ba84-f64421826518', 'Georgia Holly', 70, '2023-09-20', '2024-01-18'),
                                                                                   ('83fce2c1-efee-4e3e-ace6-42f3c5541df2', '89076b8c-2260-4998-9c87-f31f50246835', 'Water Paspalum', 35, '2023-11-04', '2023-12-09'),
                                                                                   ('6a7257a3-0f3b-4b8a-81c0-6ad7ecef58c1', '534db036-1ac6-4483-a6ed-e67ef261b150', 'Blisterwort', 97, '2024-01-15', '2023-06-18'),
                                                                                   ('6e731367-626b-46a3-96f5-7174ace561c6', 'be6e6c43-6957-4ba0-8189-7f0c26832e4d', 'Kilauea Mauna Cyanea', 12, '2024-01-27', '2023-11-23'),
                                                                                   ('f15e212c-42da-4933-bb93-b76212800fb8', 'b93f466d-b19d-43d0-a533-a07b1cdda532', 'Chihuahuan Beehive', 23, '2024-03-24', '2024-03-09'),
                                                                                   ('7c4efde5-cbd5-4330-aa96-02aacc050723', '940b9540-12d8-4cc2-b003-356ba5aaf5ff', 'Sugarberry', 73, '2023-07-07', '2024-05-25'),
                                                                                   ('06024de9-6e56-4a4c-b9ba-7302cb9c45c1', 'e1143cf0-b0b4-4a19-b5c2-97e574ab707c', 'Eucalyptus', 18, '2024-05-15', '2023-12-23'),
                                                                                   ('f1130e67-a154-4844-8bd7-ba2d807cae24', 'e0057852-f150-46c7-be55-83d2b0d61641', 'Fanpetals', 92, '2023-06-26', '2024-02-09'),
                                                                                   ('5a1bc711-c115-45c1-ba59-aa18b19df489', '35d024cb-e933-4241-82bb-2d005fa86024', 'Mill Creek Alumroot', 57, '2023-07-17', '2023-09-05'),
                                                                                   ('3253e2a4-9305-47bd-a3bf-875b33dec28b', '5dc32d8e-390e-4652-990f-e8ad472417e8', 'Wright''s Beebrush', 93, '2024-04-15', '2024-05-29'),
                                                                                   ('4ac5d556-ea54-4792-8722-c5bd6fc99551', 'd68f3ecc-f871-4811-bc57-a8c33885a45b', 'Peniocereus', 13, '2024-01-25', '2024-02-28'),
                                                                                   ('cfefdd2b-b0eb-4d29-a6b2-db94aa8092ab', '6c68d8b4-5324-4de9-aec2-09a219df0af8', 'Wooton''s Holdback', 53, '2023-07-23', '2023-10-14'),
                                                                                   ('169eaec5-0792-4a84-a8ff-d6cb01347b90', 'a6899992-85ad-4686-b466-7a9527cff439', 'Hall''s Gumweed', 93, '2024-06-01', '2023-06-22'),
                                                                                   ('43788b15-b71a-416c-9a67-6d0a6ee07b88', 'c6fa9cce-1850-4ac7-b5a9-9ca2ab43fafc', 'Longspur Lupine', 1, '2023-12-10', '2023-12-25'),
                                                                                   ('d132588d-d128-45f6-b594-5afc0533c03f', '294f0fe7-ff45-474e-88c4-6532b9b6fa4f', 'Cinnamon', 52, '2024-02-22', '2024-05-22')
    ON Conflict(id) DO NOTHING;





